shift_report_id,shift_report_date,start_time,end_time,service,latitude,longitude,city,shift_ratings,shift_measures,Patients turned away,Mental health,Nursing/Paramedic Consults,Patient Conversations,Medical Consults,Substance use,Allied Health,Medication ed.,Suicide prevention/planning,Conversations about health education,Nurse Practitioner Consults,Referrals (Formal and informal),Service provider conversations
363a94e5-d13f-4e52-9b29-b7070dfdf9f6,12/2/2020 8:43:30 AM,30/12/1899 4:30:39 PM,30/12/1899 6:31:39 PM,Sunshine Coast - The Daily Bread,-26.6278248,152.9607898,Sunshine Coast,Shift Safety: 5,"Allied Health: 0.00,Medication ed.: 3.00,Substance use: 1.00,Conversations about health education: 2.00,Service provider conversations: 4.00,Referrals (Formal and informal): 3.00,Patient Conversations: 5.00,Nursing/Paramedic Consults: 7.00,Nurse Practitioner Consults: 0.00,Mental health: 2.00,Suicide prevention/planning: 0.00,Patients turned away: 0.00,Medical Consults: 0.00",,2,7,5,,1,0,3,,2,0,3,4
a6ca1399-32c6-4bd5-9244-aa5e3af71d24,28/1/2020 10:11:24 AM,30/12/1899 6:30:00 PM,30/12/1899 8:07:00 PM,Brisbane - Red Cross Night Cafe,-27.468943,153.0234041,Brisbane,Shift Safety: 5,"Patient Conversations: 12.00,Conversations about health education: 5.00,Medication ed.: 2.00,Allied Health: 0.00,Referrals (Formal and informal): 3.00,Mental health: 2.00,Nursing/Paramedic Consults: 5.00,Suicide prevention/planning: 0.00,Medical Consults: 0.00,Substance use: 0.00,Patients turned away: 0.00,Nurse Practitioner Consults: 0.00,Service provider conversations: 6.00",,2,5,12,0,0,0,2,0,5,,3,
ae9e61ac-4b7c-42e8-95bc-7a381f8c72a0,30/9/2019 2:03:00 AM,30/12/1899 9:00:00 AM,30/12/1899 10:38:00 AM,Sunshine Coast - The Shack,-26.6245779,152.957991,Sunshine Coast,Shift Safety: 5,"Patient Conversations: 3.00,Medical Consults: 0.00,Referrals (Formal and informal): 1.00,Nursing/Paramedic Consults: 3.00,Nurse Practitioner Consults: 0.00",,,3,3,0,,,,,,0,1,
083bdf6f-5527-4511-9205-306ada122c61,9/10/2019 11:04:43 AM,30/12/1899 6:00:00 PM,30/12/1899 9:15:00 PM,Brisbane - Wesley Mission,-27.45603,153.03114,Brisbane,Shift Safety: 5,"Referrals (Formal and informal): 8.00,Nursing/Paramedic Consults: 5.00,Patient Conversations: 4.00,Nurse Practitioner Consults: 0.00,Medical Consults: 6.00",,,5,4,6,,,,,,0,8,
f93eb92f-8290-409a-b2cf-70a1bd922789,22/1/2020 8:41:08 AM,30/12/1899 4:15:00 PM,30/12/1899 7:00:00 PM,Brisbane - Queens Park Ipswich,-27.6181719,152.7682547,Brisbane,Shift Safety: 5,"Substance use: 0.00,Mental health: 2.00,Patients turned away: 0.00,Allied Health: 0.00,Conversations about health education: 4.00,Referrals (Formal and informal): 1.00,Medication ed.: 0.00,Service provider conversations: 0.00,Nurse Practitioner Consults: 0.00,Patient Conversations: 13.00,Medical Consults: 0.00,Nursing/Paramedic Consults: 6.00,Suicide prevention/planning: 0.00",0,2,,13,,0,0,0,,4,0,1,0
612cac0b-f802-4d25-91a3-307fbd779fc7,15/1/2020 2:41:15 PM,30/12/1899 4:15:00 PM,30/12/1899 7:00:00 PM,Brisbane - Queens Park Ipswich,-27.6181719,152.7682547,Brisbane,Shift Safety: 5,"Referrals (Formal and informal): 3.00,Substance use: 0.00,Medical Consults: 0.00,Patients turned away: 0.00,Patient Conversations: 41.00,Medication ed.: 2.00,Mental health: 3.00,Nursing/Paramedic Consults: 16.00,Service provider conversations: 3.00,Allied Health: 0.00,Suicide prevention/planning: 2.00,Nurse Practitioner Consults: 0.00",0,3,16,41,0,0,0,2,,,,3,3
7c33333a-595b-454a-a03b-a6bbbf5327d7,25/11/2019 3:21:19 AM,30/12/1899 9:00:00 AM,30/12/1899 11:00:00 AM,Sunshine Coast - The Shack,-26.6245779,152.957991,Sunshine Coast,Shift Safety: 3,"Mental health: 0.00,Nurse Practitioner Consults: 0.00,Substance use: 0.00,Patients turned away: 0.00,Patient Conversations: 8.00,Nursing/Paramedic Consults: 0.00,Service provider conversations: 0.00,Referrals (Formal and informal): 0.00,Suicide prevention/planning: 0.00,Medical Consults: 0.00,Allied Health: 0.00,Medication ed.: 1.00",0,0,0,8,0,0,,,0,,0,0,0
590d24bc-6196-4b17-9f6f-59efb81658c7,13/11/2019 9:58:27 AM,30/12/1899 4:15:00 PM,30/12/1899 7:00:00 PM,Brisbane - Queens Park Ipswich,-27.6181719,152.7682547,Brisbane,Shift Safety: 5,"Substance use: 0.00,Suicide prevention/planning: 0.00,Medical Consults: 0.00,Nurse Practitioner Consults: 0.00,Mental health: 3.00,Allied Health: 0.00,Service provider conversations: 0.00,Patients turned away: 0.00,Nursing/Paramedic Consults: 9.00,Referrals (Formal and informal): 2.00,Medication ed.: 1.00,Patient Conversations: 13.00",0,3,9,,0,0,0,,0,,0,2,0
bc098e78-15aa-42df-87ba-71748555474a,17/1/2020 1:14:23 AM,30/12/1899 6:30:00 AM,30/12/1899 8:52:00 AM,Brisbane - Wesley Mission,-27.45603,153.03114,Brisbane,Shift Safety: 5,"Service provider conversations: 4.00,Substance use: 2.00,Medication ed.: 0.00,Medical Consults: 0.00,Nursing/Paramedic Consults: 5.00,Mental health: 4.00,Allied Health: 0.00,Suicide prevention/planning: 0.00,Nurse Practitioner Consults: 0.00,Patient Conversations: 13.00,Patients turned away: 1.00,Referrals (Formal and informal): 6.00",,4,5,13,0,2,0,0,0,,0,,4
e4325754-4ab5-4ec5-a6a1-47127c040ebd,10/10/2019 10:15:21 AM,30/12/1899 6:30:00 PM,30/12/1899 8:09:00 PM,Brisbane - Red Cross Night Cafe,-27.468943,153.0234041,Brisbane,Shift Safety: 5,"Nurse Practitioner Consults: 0.00,Patient Conversations: 6.00,Referrals (Formal and informal): 8.00,Nursing/Paramedic Consults: 6.00,Medical Consults: 3.00",,,6,6,3,,,,,,0,8,
b4a4e2d1-b28e-475b-992c-09d2d515abd3,21/11/2019 6:37:32 AM,30/12/1899 11:00:00 AM,30/12/1899 1:30:00 PM,Sunshine Coast - Nambour Caravan Park,-26.588625,152.967262,Sunshine Coast,Shift Safety: 5,"Nurse Practitioner Consults: 0.00,Medication ed.: 9.00,Mental health: 4.00,Allied Health: 0.00,Medical Consults: 0.00,Nursing/Paramedic Consults: 8.00,Patients turned away: 0.00,Referrals (Formal and informal): 0.00,Service provider conversations: 12.00,Suicide prevention/planning: 1.00,Patient Conversations: 10.00,Substance use: 8.00",0,4,8,,0,,0,9,1,,0,0,12
0e9864c3-fa6e-48af-a4f1-6a2a8e875de2,3/12/2019 10:09:01 AM,30/12/1899 6:30:00 PM,30/12/1899 8:06:00 PM,Brisbane - Red Cross Night Cafe,-27.468943,153.0234041,Brisbane,Shift Safety: 5,"Medical Consults: 0.00,Substance use: 2.00,Referrals (Formal and informal): 1.00,Service provider conversations: 2.00,Allied Health: 0.00,Patients turned away: 0.00,Patient Conversations: 16.00,Nurse Practitioner Consults: 0.00,Suicide prevention/planning: 0.00,Medication ed.: 1.00,Nursing/Paramedic Consults: 4.00,Mental health: 0.00",0,,,16,0,2,0,1,0,,0,1,2
705109f6-8567-4db5-b45f-1c6e2b6dd6ec,5/2/2020 4:14:20 AM,30/12/1899 9:30:29 AM,30/12/1899 11:40:29 AM,Sunshine Coast - Tait Duke Cottage,-26.3974264,153.0436644,Sunshine Coast,Shift Safety: 5,"Patients turned away: 0.00,Nurse Practitioner Consults: 0.00,Allied Health: 0.00,Mental health: 1.00,Substance use: 0.00,Medical Consults: 4.00,Service provider conversations: 2.00,Referrals (Formal and informal): 0.00,Conversations about health education: 3.00,Suicide prevention/planning: 0.00,Patient Conversations: 3.00,Nursing/Paramedic Consults: 0.00,Medication ed.: 0.00",0,1,,,4,0,0,,0,3,0,0,2
3a3b2f0e-dbac-4fdc-b4da-eadc095780e5,20/8/2019 9:29:55 AM,30/12/1899 4:30:00 PM,30/12/1899 7:27:00 PM,Sunshine Coast - Maroochy Neighbourhood Centre,-26.6569507,153.1009481,Sunshine Coast,Shift Safety: 5,"Referrals (Formal and informal): 0.00,Medical Consults: 10.00,Nurse Practitioner Consults: 0.00,Patient Conversations: 15.00,Nursing/Paramedic Consults: 11.00",,,11,15,10,,,,,,0,0,
2819ea9c-b913-4d9b-b2ce-889c98d9a350,28/11/2019 10:26:28 AM,30/12/1899 6:30:00 PM,30/12/1899 8:30:00 PM,Brisbane - Red Cross Night Cafe,-27.468943,153.0234041,Brisbane,Shift Safety: 5,"Patients turned away: 0.00,Substance use: 0.00,Nurse Practitioner Consults: 0.00,Suicide prevention/planning: 0.00,Medical Consults: 4.00,Medication ed.: 0.00,Referrals (Formal and informal): 0.00,Nursing/Paramedic Consults: 0.00,Mental health: 2.00,Allied Health: 0.00,Patient Conversations: 4.00,Service provider conversations: 2.00",0,2,0,,4,0,0,0,0,,0,0,
95553112-e9bc-4a0c-8630-af26e9350321,11/11/2019 5:24:08 AM,30/12/1899 9:00:00 AM,30/12/1899 11:00:00 AM,Sunshine Coast - The Shack,-26.6245779,152.957991,Sunshine Coast,Shift Safety: 4,"Suicide prevention/planning: 1.00,Nursing/Paramedic Consults: 0.00,Mental health: 0.00,Patients turned away: 0.00,Substance use: 0.00,Referrals (Formal and informal): 0.00,Patient Conversations: 11.00,Service provider conversations: 0.00,Allied Health: 0.00,Nurse Practitioner Consults: 0.00,Medication ed.: 0.00,Medical Consults: 0.00",0,0,0,11,,0,0,,1,,0,0,0
469ad64e-4ebe-46fe-acf1-5f52b181c5ec,2/10/2019 8:09:28 AM,30/12/1899 4:30:00 PM,30/12/1899 6:15:00 PM,Sunshine Coast - The Daily Bread,-26.6278248,152.9607898,Sunshine Coast,Shift Safety: 5,"Patient Conversations: 5.00,Referrals (Formal and informal): 2.00,Medical Consults: 0.00,Nursing/Paramedic Consults: 5.00,Nurse Practitioner Consults: 0.00",,,5,5,0,,,,,,0,2,
ea2475ae-d479-430e-8e0c-0edea684e568,4/12/2019 11:02:52 AM,30/12/1899 6:30:00 PM,30/12/1899 8:49:00 PM,Brisbane - Wesley Mission,-27.45603,153.03114,Brisbane,Shift Safety: 5,"Medical Consults: 0.00,Nursing/Paramedic Consults: 8.00,Suicide prevention/planning: 1.00,Patients turned away: 1.00,Nurse Practitioner Consults: 0.00,Service provider conversations: 5.00,Mental health: 5.00,Medication ed.: 6.00,Patient Conversations: 16.00,Allied Health: 0.00,Referrals (Formal and informal): 3.00,Substance use: 2.00",1,5,8,16,0,,0,6,1,,0,,5
19ec5691-2b5e-4876-8999-2debd67f4268,29/1/2020 9:33:47 AM,30/12/1899 4:30:48 PM,30/12/1899 6:30:48 PM,Sunshine Coast - The Daily Bread,-26.6278248,152.9607898,Sunshine Coast,Shift Safety: 5,"Patient Conversations: 7.00,Substance use: 1.00,Conversations about health education: 1.00,Suicide prevention/planning: 0.00,Allied Health: 0.00,Nursing/Paramedic Consults: 2.00,Medication ed.: 1.00,Mental health: 3.00,Patients turned away: 0.00,Referrals (Formal and informal): 2.00,Medical Consults: 0.00,Service provider conversations: 4.00,Nurse Practitioner Consults: 0.00",0,3,2,7,,1,0,1,0,1,,2,
25f93402-ee23-44f7-90e5-d2ff8d94ea72,30/1/2020 9:00:57 AM,30/12/1899 4:15:39 PM,30/12/1899 6:48:39 PM,Sunshine Coast - Maroochy Neighbourhood Centre,-26.6569507,153.1009481,Sunshine Coast,Shift Safety: 5,"Allied Health: 0.00,Nursing/Paramedic Consults: 0.00,Mental health: 4.00,Service provider conversations: 0.00,Medical Consults: 3.00,Substance use: 0.00,Patient Conversations: 10.00,Nurse Practitioner Consults: 0.00,Patients turned away: 0.00,Conversations about health education: 1.00,Referrals (Formal and informal): 2.00,Suicide prevention/planning: 2.00,Medication ed.: 0.00",0,4,0,10,3,0,0,,,1,0,,0
7c200940-75a1-4240-b527-a12e3c7219f1,12/9/2019 9:31:38 AM,30/12/1899 4:30:00 PM,30/12/1899 6:44:00 PM,Sunshine Coast - Maroochy Neighbourhood Centre,-26.6569507,153.1009481,Sunshine Coast,Shift Safety: 5,"Patient Conversations: 18.00,Nursing/Paramedic Consults: 4.00,Nurse Practitioner Consults: 2.00,Medical Consults: 0.00,Referrals (Formal and informal): 2.00",,,4,18,0,,,,,,2,2,
500fac69-ec1b-44fa-adf4-d8ef5096d288,17/9/2019 1:30:36 AM,30/12/1899 9:00:00 AM,30/12/1899 11:30:00 AM,Sunshine Coast - Tait Duke Cottage,-26.3974264,153.0436644,Sunshine Coast,Shift Safety: 5,"Nurse Practitioner Consults: 0.00,Referrals (Formal and informal): 1.00,Patient Conversations: 18.00,Nursing/Paramedic Consults: 2.00,Medical Consults: 0.00",,,2,18,0,,,,,,0,1,
3581c896-6e49-490f-a316-e857cdabcdad,29/1/2020 10:34:44 AM,30/12/1899 6:30:59 PM,30/12/1899 8:28:59 PM,Brisbane - Wesley Mission,-27.45603,153.03114,Brisbane,Shift Safety: 5,"Referrals (Formal and informal): 4.00,Medication ed.: 2.00,Nursing/Paramedic Consults: 5.00,Patient Conversations: 14.00,Mental health: 2.00,Service provider conversations: 6.00,Nurse Practitioner Consults: 0.00,Medical Consults: 0.00,Patients turned away: 0.00,Allied Health: 0.00,Substance use: 3.00,Conversations about health education: 5.00,Suicide prevention/planning: 1.00",0,2,5,14,0,,0,2,,,0,4,6
4a66aa31-ae71-46f2-bbf2-eb4450a947a7,23/1/2020 9:06:07 AM,30/12/1899 4:30:00 PM,30/12/1899 7:03:00 PM,Sunshine Coast - Maroochy Neighbourhood Centre,-26.6569507,153.1009481,Sunshine Coast,Shift Safety: 5,"Mental health: 1.00,Nursing/Paramedic Consults: 0.00,Patient Conversations: 10.00,Medication ed.: 0.00,Allied Health: 0.00,Nurse Practitioner Consults: 0.00,Medical Consults: 0.00,Conversations about health education: 2.00,Referrals (Formal and informal): 2.00,Service provider conversations: 0.00,Suicide prevention/planning: 0.00,Substance use: 0.00,Patients turned away: 0.00",,1,0,10,0,,0,0,,2,0,2,0
5fe11cca-a365-46b8-95ac-5ea5594d1b03,19/11/2019 10:19:31 AM,30/12/1899 6:30:00 PM,30/12/1899 8:17:00 PM,Brisbane - Red Cross Night Cafe,-27.468943,153.0234041,Brisbane,Shift Safety: 5,"Allied Health: 0.00,Medical Consults: 0.00,Suicide prevention/planning: 0.00,Substance use: 0.00,Patients turned away: 2.00,Medication ed.: 0.00,Patient Conversations: 6.00,Nursing/Paramedic Consults: 0.00,Referrals (Formal and informal): 1.00,Service provider conversations: 2.00,Mental health: 0.00,Nurse Practitioner Consults: 0.00",2,,0,6,0,0,0,0,0,,,1,2
5c8278f8-29f4-4fbc-9765-39bdc46bfeda,15/1/2020 2:50:33 PM,30/12/1899 8:00:00 AM,30/12/1899 10:00:00 AM,Sunshine Coast - Nambour Caravan Park,-26.588625,152.967262,Sunshine Coast,Shift Safety: 5,"Referrals (Formal and informal): 5.00,Patients turned away: 0.00,Medication ed.: 4.00,Service provider conversations: 2.00,Substance use: 2.00,Mental health: 7.00,Allied Health: 0.00,Nursing/Paramedic Consults: 7.00,Medical Consults: 0.00,Nurse Practitioner Consults: 0.00,Patient Conversations: 13.00,Suicide prevention/planning: 0.00",0,7,7,,0,2,0,4,,,0,5,2
ccd5c14f-9cde-42ab-b346-1b2a3f53f488,4/11/2019 1:43:56 AM,30/12/1899 9:00:00 AM,30/12/1899 11:00:00 AM,Sunshine Coast - The Shack,-26.6245779,152.957991,Sunshine Coast,Shift Safety: 4,"Substance use: 0.00,Service provider conversations: 0.00,Suicide prevention/planning: 5.00,Nursing/Paramedic Consults: 0.00,Allied Health: 0.00,Patient Conversations: 5.00,Patients turned away: 0.00,Medical Consults: 0.00,Mental health: 0.00,Nurse Practitioner Consults: 0.00,Referrals (Formal and informal): 0.00,Medication ed.: 0.00",0,0,0,5,0,0,0,,5,,0,,0
2775defc-d387-4433-9a26-5e7d549a12c7,18/12/2019 9:08:18 AM,30/12/1899 4:15:00 PM,30/12/1899 7:00:00 PM,Brisbane - Queens Park Ipswich,-27.6181719,152.7682547,Brisbane,Shift Safety: 5,"Nursing/Paramedic Consults: 0.00,Service provider conversations: 5.00,Medication ed.: 0.00,Patients turned away: 0.00,Suicide prevention/planning: 1.00,Nurse Practitioner Consults: 0.00,Substance use: 0.00,Referrals (Formal and informal): 5.00,Mental health: 5.00,Medical Consults: 0.00,Allied Health: 0.00,Patient Conversations: 28.00",0,5,0,,0,0,,0,1,,0,5,5
434b72a4-a9e7-42f6-9765-68bedd1600a0,13/10/2019 9:47:56 PM,30/12/1899 7:30:00 AM,30/12/1899 9:00:00 AM,Sunshine Coast - Salvation Army,-26.195851,152.6458351,Sunshine Coast,Shift Safety: 5,"Nursing/Paramedic Consults: 5.00,Medical Consults: 0.00,Patient Conversations: 0.00,Nurse Practitioner Consults: 0.00,Referrals (Formal and informal): 0.00",,,5,0,0,,,,,,0,0,
e4109ecd-0d2b-47d1-8969-14c2fcc39862,7/11/2019 10:22:32 AM,30/12/1899 6:30:00 PM,30/12/1899 8:19:00 PM,Brisbane - Red Cross Night Cafe,-27.468943,153.0234041,Brisbane,Shift Safety: 5,"Nurse Practitioner Consults: 0.00,Service provider conversations: 0.00,Medication ed.: 0.00,Substance use: 2.00,Medical Consults: 1.00,Mental health: 1.00,Suicide prevention/planning: 0.00,Allied Health: 0.00,Referrals (Formal and informal): 1.00,Patient Conversations: 5.00,Patients turned away: 0.00,Nursing/Paramedic Consults: 2.00",,1,,5,1,2,0,0,0,,0,1,0
764ed85d-6ad3-41bd-bef9-916b05a941eb,15/10/2019 10:35:50 AM,30/12/1899 6:29:00 PM,30/12/1899 8:29:00 PM,Brisbane - Red Cross Night Cafe,-27.468943,153.0234041,Brisbane,Shift Safety: 5,"Medical Consults: 4.00,Referrals (Formal and informal): 7.00,Nurse Practitioner Consults: 0.00,Patient Conversations: 20.00,Nursing/Paramedic Consults: 3.00",,,3,20,4,,,,,,0,7,
310b27b8-d5d7-4a8c-b3b5-1e41cfd25ef0,10/2/2020 12:48:35 AM,30/12/1899 9:01:08 AM,30/12/1899 11:01:08 AM,Sunshine Coast - The Shack,-26.6245779,152.957991,Sunshine Coast,Shift Safety: 4,"Medical Consults: 0.00,Referrals (Formal and informal): 1.00,Suicide prevention/planning: 0.00,Patient Conversations: 3.00,Allied Health: 0.00,Nursing/Paramedic Consults: 0.00,Medication ed.: 0.00,Conversations about health education: 1.00,Substance use: 0.00,Service provider conversations: 0.00,Nurse Practitioner Consults: 0.00,Mental health: 0.00,Patients turned away: 0.00",,,0,3,0,0,0,0,0,1,,1,0
2264aa08-bbe4-4d84-bee6-fb2d2fbb1a6c,15/8/2019 10:17:48 AM,30/12/1899 6:00:00 PM,30/12/1899 8:14:00 PM,Brisbane - Red Cross Night Cafe,-27.468943,153.0234041,Brisbane,Shift Safety: 5,"Medical Consults: 3.00,Referrals (Formal and informal): 2.00,Patient Conversations: 7.00,Nurse Practitioner Consults: 1.00,Nursing/Paramedic Consults: 3.00",,,3,7,3,,,,,,1,2,
55f1e3a5-2be9-40d2-9b01-f4bbaa6751ab,30/10/2019 8:05:25 AM,30/12/1899 4:15:00 PM,30/12/1899 6:00:00 PM,Brisbane - Queens Park Ipswich,-27.6181719,152.7682547,Brisbane,Shift Safety: 5,"Patient Conversations: 14.00,Nurse Practitioner Consults: 2.00,Medication ed.: 5.00,Nursing/Paramedic Consults: 11.00,Allied Health: 0.00,Suicide prevention/planning: 0.00,Service provider conversations: 2.00,Mental health: 3.00,Patients turned away: 0.00,Substance use: 0.00,Referrals (Formal and informal): 4.00,Medical Consults: 0.00",0,3,11,14,,0,0,5,0,,2,,2
137f5d76-850e-4a49-a2eb-623262764241,24/9/2019 8:33:57 AM,30/12/1899 4:31:00 PM,30/12/1899 6:31:00 PM,Sunshine Coast - Maroochy Neighbourhood Centre,-26.6569507,153.1009481,Sunshine Coast,Shift Safety: 5,"Nurse Practitioner Consults: 2.00,Referrals (Formal and informal): 3.00,Nursing/Paramedic Consults: 2.00,Medical Consults: 4.00,Patient Conversations: 11.00",,,2,11,4,,,,,,2,3,
91db9020-953c-4c3f-8b21-b7e2f8efac9c,1/10/2019 8:26:59 AM,30/12/1899 4:30:00 PM,30/12/1899 6:30:00 PM,Sunshine Coast - Maroochy Neighbourhood Centre,-26.6569507,153.1009481,Sunshine Coast,Shift Safety: 5,"Referrals (Formal and informal): 0.00,Nursing/Paramedic Consults: 2.00,Patient Conversations: 5.00,Medical Consults: 0.00,Nurse Practitioner Consults: 3.00",,,2,5,0,,,,,,3,0,
0554dcb6-2bca-4dde-9d76-83de6efcce13,8/11/2019 12:29:03 AM,30/12/1899 4:30:00 PM,30/12/1899 6:30:00 PM,Sunshine Coast - Maroochy Neighbourhood Centre,-26.6569507,153.1009481,Sunshine Coast,Shift Safety: 5,"Nurse Practitioner Consults: 4.00,Patients turned away: 0.00,Suicide prevention/planning: 1.00,Referrals (Formal and informal): 3.00,Nursing/Paramedic Consults: 5.00,Medication ed.: 2.00,Substance use: 1.00,Service provider conversations: 0.00,Mental health: 2.00,Allied Health: 0.00,Patient Conversations: 5.00,Medical Consults: 0.00",0,2,5,,,1,0,2,1,,4,3,0
276b7365-60e9-45cd-9da4-04034f0f3abf,7/10/2019 10:58:42 AM,30/12/1899 4:30:00 PM,30/12/1899 6:30:00 PM,Sunshine Coast - Maroochy Neighbourhood Centre,-26.6569507,153.1009481,Sunshine Coast,Shift Safety: 5,"Nurse Practitioner Consults: 0.00,Patient Conversations: 19.00,Nursing/Paramedic Consults: 4.00,Referrals (Formal and informal): 5.00,Medical Consults: 0.00",,,4,19,0,,,,,,0,5,
93864f49-89ab-4074-b18f-df0b762c43e1,20/8/2019 2:23:58 AM,30/12/1899 9:30:00 AM,30/12/1899 12:19:00 PM,Sunshine Coast - Tait Duke Cottage,-26.3974264,153.0436644,Sunshine Coast,Shift Safety: 5,"Nursing/Paramedic Consults: 4.00,Patient Conversations: 14.00,Referrals (Formal and informal): 5.00,Medical Consults: 4.00,Nurse Practitioner Consults: 0.00",,,4,14,4,,,,,,0,5,
1d9a3cec-f7e2-405e-854a-830a1e481ac4,11/2/2020 8:44:25 AM,30/12/1899 4:00:00 PM,30/12/1899 6:30:00 PM,Sunshine Coast - Maroochy Neighbourhood Centre,-26.6569507,153.1009481,Sunshine Coast,Shift Safety: 5,"Suicide prevention/planning: 1.00,Medication ed.: 1.00,Referrals (Formal and informal): 4.00,Medical Consults: 0.00,Patient Conversations: 16.00,Nursing/Paramedic Consults: 7.00,Service provider conversations: 0.00,Allied Health: 1.00,Patients turned away: 0.00,Substance use: 0.00,Nurse Practitioner Consults: 0.00,Mental health: 3.00,Conversations about health education: 10.00",0,,7,16,0,0,1,1,1,,,4,0
72536ad7-b2b3-4e92-8bee-8fe56782f127,17/9/2019 8:33:43 AM,30/12/1899 4:03:00 PM,30/12/1899 6:44:00 PM,Sunshine Coast - Maroochy Neighbourhood Centre,-26.6569507,153.1009481,Sunshine Coast,Shift Safety: 5,"Referrals (Formal and informal): 4.00,Patient Conversations: 29.00,Nursing/Paramedic Consults: 6.00,Medical Consults: 0.00,Nurse Practitioner Consults: 0.00",,,6,29,0,,,,,,0,4,
32942798-91fd-448e-a6be-7ded84178dd3,11/9/2019 11:18:27 AM,30/12/1899 6:30:00 PM,30/12/1899 9:00:00 PM,Brisbane - Wesley Mission,-27.45603,153.03114,Brisbane,Shift Safety: 5,"Nursing/Paramedic Consults: 0.00,Patient Conversations: 7.00,Referrals (Formal and informal): 20.00,Medical Consults: 7.00,Nurse Practitioner Consults: 2.00",,,0,7,7,,,,,,2,20,
bb549073-069f-4d1f-832e-de38e75cfc19,12/11/2019 10:21:39 AM,30/12/1899 6:30:00 PM,30/12/1899 8:17:00 PM,Brisbane - Red Cross Night Cafe,-27.468943,153.0234041,Brisbane,Shift Safety: 5,"Patients turned away: 0.00,Service provider conversations: 5.00,Mental health: 2.00,Medical Consults: 5.00,Substance use: 1.00,Patient Conversations: 25.00,Nursing/Paramedic Consults: 7.00,Nurse Practitioner Consults: 0.00,Referrals (Formal and informal): 5.00,Allied Health: 0.00,Suicide prevention/planning: 1.00,Medication ed.: 3.00",0,2,7,25,5,1,0,,,,0,5,5
a74f983b-736d-44fe-bb91-8e9a67922ca1,20/11/2019 8:32:15 AM,30/12/1899 4:29:00 PM,30/12/1899 6:20:00 PM,Sunshine Coast - The Daily Bread,-26.6278248,152.9607898,Sunshine Coast,Shift Safety: 5,"Substance use: 2.00,Medical Consults: 0.00,Service provider conversations: 2.00,Mental health: 0.00,Nurse Practitioner Consults: 0.00,Nursing/Paramedic Consults: 2.00,Allied Health: 0.00,Suicide prevention/planning: 0.00,Referrals (Formal and informal): 1.00,Patient Conversations: 3.00,Patients turned away: 0.00,Medication ed.: 1.00",,0,2,3,0,2,0,,0,,0,1,2
827ad700-7ada-4d4d-91b3-3f1abc09cc41,4/10/2019 12:24:54 PM,30/12/1899 6:00:00 PM,30/12/1899 8:00:00 PM,Brisbane - Red Cross Night Cafe,-27.468943,153.0234041,Brisbane,Shift Safety: 5,"Medical Consults: 0.00,Nurse Practitioner Consults: 0.00,Patient Conversations: 3.00,Referrals (Formal and informal): 4.00,Nursing/Paramedic Consults: 4.00",,,4,3,0,,,,,,0,4,
53462806-3370-4208-ae8a-0a7f239caa92,2/12/2019 1:47:15 AM,30/12/1899 9:00:00 AM,30/12/1899 11:15:00 AM,Sunshine Coast - The Shack,-26.6245779,152.957991,Sunshine Coast,Shift Safety: 4,"Patients turned away: 0.00,Referrals (Formal and informal): 0.00,Medication ed.: 0.00,Nurse Practitioner Consults: 0.00,Service provider conversations: 0.00,Mental health: 0.00,Substance use: 0.00,Medical Consults: 0.00,Patient Conversations: 9.00,Allied Health: 0.00,Suicide prevention/planning: 9.00,Nursing/Paramedic Consults: 0.00",0,0,,9,0,0,0,0,,,0,0,0
a6a1b9ca-58ba-47e8-85ff-cf12c7668a2f,28/8/2019 11:21:05 AM,30/12/1899 6:00:00 PM,30/12/1899 9:06:00 PM,Brisbane - Wesley Mission,-27.45603,153.03114,Brisbane,Shift Safety: 5,"Nurse Practitioner Consults: 0.00,Nursing/Paramedic Consults: 9.00,Referrals (Formal and informal): 6.00,Patient Conversations: 31.00,Medical Consults: 7.00",,,9,31,7,,,,,,0,6,
bb91674f-6aaa-4594-aed4-37f53ac110d8,31/10/2019 8:45:18 AM,30/12/1899 4:30:00 PM,30/12/1899 6:30:00 PM,Sunshine Coast - Maroochy Neighbourhood Centre,-26.6569507,153.1009481,Sunshine Coast,Shift Safety: 5,"Patient Conversations: 8.00,Substance use: 0.00,Medical Consults: 0.00,Allied Health: 0.00,Patients turned away: 0.00,Nurse Practitioner Consults: 1.00,Nursing/Paramedic Consults: 1.00,Referrals (Formal and informal): 0.00,Suicide prevention/planning: 0.00,Mental health: 0.00,Service provider conversations: 1.00,Medication ed.: 0.00",0,0,1,8,0,0,0,,0,,1,0,
8a96c913-24ec-4cc1-b515-ae157a516bde,19/11/2019 8:22:44 AM,30/12/1899 4:30:00 PM,30/12/1899 6:30:00 PM,Sunshine Coast - Maroochy Neighbourhood Centre,-26.6569507,153.1009481,Sunshine Coast,Shift Safety: 5,"Suicide prevention/planning: 0.00,Referrals (Formal and informal): 2.00,Patient Conversations: 7.00,Medical Consults: 0.00,Patients turned away: 0.00,Substance use: 1.00,Mental health: 1.00,Nursing/Paramedic Consults: 1.00,Nurse Practitioner Consults: 1.00,Service provider conversations: 1.00,Allied Health: 0.00,Medication ed.: 1.00",0,1,1,7,0,1,,,0,,1,2,1
caf00c4f-6f55-44af-880e-fbefecc39662,26/9/2019 10:27:44 AM,30/12/1899 6:01:00 PM,30/12/1899 8:15:00 PM,Brisbane - Red Cross Night Cafe,-27.468943,153.0234041,Brisbane,Shift Safety: 5,"Referrals (Formal and informal): 7.00,Nurse Practitioner Consults: 0.00,Patient Conversations: 6.00,Medical Consults: 0.00,Nursing/Paramedic Consults: 6.00",,,6,6,0,,,,,,0,7,
1ec64f52-3498-4849-8117-d1709501d02e,29/10/2019 10:32:35 AM,30/12/1899 6:30:00 PM,30/12/1899 8:27:00 PM,Brisbane - Red Cross Night Cafe,-27.468943,153.0234041,Brisbane,Shift Safety: 4,"Medical Consults: 6.00,Nurse Practitioner Consults: 3.00,Nursing/Paramedic Consults: 0.00,Patient Conversations: 14.00,Referrals (Formal and informal): 4.00",,,0,14,6,,,,,,3,4,
ae007f9e-037a-4b05-922f-08713ce258f3,14/8/2019 4:16:03 AM,30/12/1899 8:00:00 AM,30/12/1899 11:30:00 AM,Sunshine Coast - Nambour Caravan Park,-26.588625,152.967262,Sunshine Coast,Shift Safety: 4,"Patient Conversations: 5.00,Medical Consults: 8.00,Nursing/Paramedic Consults: 0.00,Referrals (Formal and informal): 4.00,Nurse Practitioner Consults: 0.00",,,0,5,8,,,,,,0,4,
14ed0a38-0f2e-4623-8757-79f924d95deb,25/9/2019 12:08:55 AM,30/12/1899 8:00:00 AM,30/12/1899 9:56:00 AM,Sunshine Coast - Nambour Caravan Park,-26.588625,152.967262,Sunshine Coast,Shift Safety: 5,"Patient Conversations: 18.00,Medical Consults: 0.00,Nursing/Paramedic Consults: 7.00,Referrals (Formal and informal): 4.00,Nurse Practitioner Consults: 0.00",,,7,18,0,,,,,,0,4,
3b5ee7f5-f732-4ec6-9596-ed6513cf72e8,14/8/2019 10:46:44 AM,30/12/1899 6:00:00 PM,30/12/1899 8:44:00 PM,Brisbane - Wesley Mission,-27.45603,153.03114,Brisbane,Shift Safety: 5,"Referrals (Formal and informal): 0.00,Nurse Practitioner Consults: 0.00,Nursing/Paramedic Consults: 0.00,Medical Consults: 0.00,Patient Conversations: 0.00",,,0,0,0,,,,,,0,0,
cdb6e4e9-cd71-4e9d-9472-b45761dfec9e,13/11/2019 8:09:15 AM,30/12/1899 4:45:00 PM,30/12/1899 6:07:00 PM,Sunshine Coast - The Daily Bread,-26.6278248,152.9607898,Sunshine Coast,Shift Safety: 0,"Allied Health: 0.00,Medical Consults: 0.00,Mental health: 0.00,Service provider conversations: 2.00,Medication ed.: 1.00,Patient Conversations: 3.00,Nurse Practitioner Consults: 2.00,Nursing/Paramedic Consults: 0.00,Patients turned away: 0.00,Suicide prevention/planning: 0.00,Referrals (Formal and informal): 0.00,Substance use: 0.00",0,0,0,3,0,,0,1,0,,2,,2
f1270e5a-4570-4bf0-870b-f3b92556d70b,26/9/2019 8:42:05 AM,30/12/1899 4:30:00 PM,30/12/1899 6:30:00 PM,Sunshine Coast - Maroochy Neighbourhood Centre,-26.6569507,153.1009481,Sunshine Coast,Shift Safety: 5,"Nurse Practitioner Consults: 1.00,Nursing/Paramedic Consults: 2.00,Medical Consults: 0.00,Referrals (Formal and informal): 0.00,Patient Conversations: 16.00",,,2,16,0,,,,,,1,0,
9e9fa23a-7f55-4a51-a32d-30e5e341cc2e,6/2/2020 9:10:30 AM,30/12/1899 4:31:12 PM,30/12/1899 6:49:12 PM,Sunshine Coast - Maroochy Neighbourhood Centre,-26.6569507,153.1009481,Sunshine Coast,Shift Safety: 5,"Allied Health: 0.00,Nursing/Paramedic Consults: 7.00,Mental health: 2.00,Referrals (Formal and informal): 2.00,Conversations about health education: 2.00,Patients turned away: 0.00,Nurse Practitioner Consults: 0.00,Patient Conversations: 15.00,Suicide prevention/planning: 1.00,Medical Consults: 0.00,Substance use: 1.00,Medication ed.: 2.00,Service provider conversations: 2.00",0,2,7,15,0,,0,,1,2,0,2,
ae47b455-f2c1-478f-8270-52b43078252b,8/10/2019 1:53:43 PM,30/12/1899 9:00:00 PM,30/12/1899 10:15:00 PM,Brisbane - Beddown Event Brisbane CBD,-27.467248,153.029336,Brisbane,Shift Safety: 5,"Patient Conversations: 11.00,Referrals (Formal and informal): 0.00,Nurse Practitioner Consults: 0.00,Medical Consults: 0.00,Nursing/Paramedic Consults: 2.00",,,2,11,0,,,,,,0,0,
2846eb8a-be95-4803-8364-ad5e09f09585,31/10/2019 10:27:00 PM,30/12/1899 7:30:00 AM,30/12/1899 8:30:00 AM,Sunshine Coast - Salvation Army,-26.195851,152.6458351,Sunshine Coast,Shift Safety: 5,"Patients turned away: 0.00,Service provider conversations: 0.00,Medication ed.: 0.00,Substance use: 0.00,Patient Conversations: 2.00,Allied Health: 0.00,Suicide prevention/planning: 2.00,Nursing/Paramedic Consults: 2.00,Mental health: 0.00,Referrals (Formal and informal): 0.00,Nurse Practitioner Consults: 0.00,Medical Consults: 0.00",0,0,2,2,,0,0,0,2,,,0,0
ec1d20e4-7cc4-4759-b237-031171694112,26/11/2019 1:32:50 AM,30/12/1899 9:29:00 AM,30/12/1899 11:29:00 AM,Sunshine Coast - Tait Duke Cottage,-26.3974264,153.0436644,Sunshine Coast,Shift Safety: 5,"Substance use: 0.00,Patients turned away: 1.00,Suicide prevention/planning: 0.00,Allied Health: 0.00,Medication ed.: 0.00,Patient Conversations: 2.00,Medical Consults: 0.00,Nurse Practitioner Consults: 0.00,Mental health: 1.00,Service provider conversations: 1.00,Referrals (Formal and informal): 1.00,Nursing/Paramedic Consults: 0.00",1,1,,2,0,0,0,0,0,,0,,1
17824727-bd26-43fb-b7ef-ec6218be2447,12/12/2019 8:38:48 AM,30/12/1899 4:00:00 PM,30/12/1899 6:28:00 PM,Sunshine Coast - Maroochy Neighbourhood Centre,-26.6569507,153.1009481,Sunshine Coast,Shift Safety: 5,"Substance use: 0.00,Nursing/Paramedic Consults: 2.00,Service provider conversations: 0.00,Medical Consults: 0.00,Allied Health: 0.00,Patient Conversations: 12.00,Suicide prevention/planning: 0.00,Referrals (Formal and informal): 2.00,Mental health: 3.00,Patients turned away: 0.00,Nurse Practitioner Consults: 0.00,Medication ed.: 0.00",0,3,2,12,0,0,0,,0,,,2,0
2cae9b3a-713f-4f34-bf77-a41fe11e398c,24/10/2019 10:22:31 AM,30/12/1899 6:25:00 PM,30/12/1899 8:20:00 PM,Brisbane - Red Cross Night Cafe,-27.468943,153.0234041,Brisbane,Shift Safety: 5,"Medical Consults: 2.00,Nurse Practitioner Consults: 0.00,Patient Conversations: 7.00,Referrals (Formal and informal): 0.00,Nursing/Paramedic Consults: 0.00",,,0,7,2,,,,,,0,0,
88325b7f-47ff-45d1-8383-4097723fa225,17/9/2019 10:12:50 AM,30/12/1899 6:30:00 PM,30/12/1899 8:08:00 PM,Brisbane - Red Cross Night Cafe,-27.468943,153.0234041,Brisbane,Shift Safety: 5,"Medical Consults: 3.00,Patient Conversations: 17.00,Nurse Practitioner Consults: 0.00,Nursing/Paramedic Consults: 5.00,Referrals (Formal and informal): 9.00",,,5,17,3,,,,,,0,9,
2cc42177-6f4b-4faf-805e-e455b0090bdc,14/8/2019 4:20:37 AM,30/12/1899 4:30:00 PM,30/12/1899 7:00:00 PM,Sunshine Coast - Maroochy Neighbourhood Centre,-26.6569507,153.1009481,Sunshine Coast,Shift Safety: 4,"Nursing/Paramedic Consults: 5.00,Nurse Practitioner Consults: 0.00,Referrals (Formal and informal): 2.00,Patient Conversations: 4.00,Medical Consults: 10.00",,,5,4,10,,,,,,0,2,
3795b8f4-076d-472b-ade6-39dac88cd352,22/10/2019 11:31:50 PM,30/12/1899 8:00:00 AM,30/12/1899 9:24:00 AM,Sunshine Coast - Nambour Caravan Park,-26.588625,152.967262,Sunshine Coast,Shift Safety: 5,"Nurse Practitioner Consults: 0.00,Patient Conversations: 23.00,Medical Consults: 0.00,Referrals (Formal and informal): 3.00,Nursing/Paramedic Consults: 1.00",,,1,23,0,,,,,,0,3,
a443809e-29fd-49a8-a44d-a8a3dc6e2c54,14/9/2019 12:06:14 AM,30/12/1899 7:30:00 AM,30/12/1899 9:15:00 AM,Sunshine Coast - Salvation Army,-26.195851,152.6458351,Sunshine Coast,Shift Safety: 5,"Patient Conversations: 4.00,Nurse Practitioner Consults: 0.00,Nursing/Paramedic Consults: 0.00,Medical Consults: 5.00,Referrals (Formal and informal): 1.00",,,0,4,5,,,,,,0,1,
fd682bb7-6a58-43ae-bb56-8a5e8e7f2638,23/9/2019 1:20:40 AM,30/12/1899 9:05:00 AM,30/12/1899 10:20:00 AM,Sunshine Coast - The Shack,-26.6245779,152.957991,Sunshine Coast,Shift Safety: 5,"Nurse Practitioner Consults: 0.00,Referrals (Formal and informal): 3.00,Medical Consults: 3.00,Nursing/Paramedic Consults: 5.00,Patient Conversations: 5.00",,,5,5,3,,,,,,0,3,
1f897579-3fdd-41f3-a174-a4ea241e777b,22/1/2020 9:09:16 AM,30/12/1899 4:25:00 PM,30/12/1899 6:30:00 PM,Sunshine Coast - The Daily Bread,-26.6278248,152.9607898,Sunshine Coast,Shift Safety: 5,"Medical Consults: 0.00,Nursing/Paramedic Consults: 5.00,Service provider conversations: 2.00,Referrals (Formal and informal): 1.00,Medication ed.: 0.00,Patients turned away: 0.00,Nurse Practitioner Consults: 0.00,Mental health: 4.00,Suicide prevention/planning: 0.00,Patient Conversations: 5.00,Allied Health: 0.00,Conversations about health education: 4.00,Substance use: 2.00",0,4,5,5,0,,,0,0,,0,1,2
9288e5e8-eca1-4a23-b85b-034477694ef4,12/11/2019 8:37:50 AM,30/12/1899 4:30:00 PM,30/12/1899 6:30:00 PM,Sunshine Coast - Maroochy Neighbourhood Centre,-26.6569507,153.1009481,Sunshine Coast,Shift Safety: 5,"Referrals (Formal and informal): 2.00,Medication ed.: 2.00,Substance use: 0.00,Suicide prevention/planning: 1.00,Patient Conversations: 9.00,Patients turned away: 0.00,Allied Health: 0.00,Service provider conversations: 1.00,Mental health: 0.00,Medical Consults: 0.00,Nursing/Paramedic Consults: 2.00,Nurse Practitioner Consults: 2.00",0,0,,9,0,0,0,2,1,,,2,1
e724c59e-c65b-4212-ac7a-4cd847c2f94f,23/10/2019 8:30:52 AM,30/12/1899 4:28:00 PM,30/12/1899 6:00:00 PM,Sunshine Coast - The Daily Bread,-26.6278248,152.9607898,Sunshine Coast,Shift Safety: 5,"Patient Conversations: 5.00,Referrals (Formal and informal): 1.00,Nursing/Paramedic Consults: 1.00,Medical Consults: 0.00,Nurse Practitioner Consults: 0.00",,,1,5,0,,,,,,0,1,
75745156-186e-44a4-9f2a-a51c23824e9c,15/10/2019 2:45:32 AM,30/12/1899 9:00:00 AM,30/12/1899 12:34:00 PM,Sunshine Coast - Tait Duke Cottage,-26.3974264,153.0436644,Sunshine Coast,Shift Safety: 5,"Nurse Practitioner Consults: 0.00,Nursing/Paramedic Consults: 10.00,Referrals (Formal and informal): 7.00,Patient Conversations: 100.00,Medical Consults: 0.00",,,10,100,0,,,,,,0,7,
c6928562-ffa8-4c17-a6e9-e0400bf7576c,27/11/2019 11:07:11 AM,30/12/1899 6:30:00 PM,30/12/1899 9:04:00 PM,Brisbane - Wesley Mission,-27.45603,153.03114,Brisbane,Shift Safety: 5,"Nursing/Paramedic Consults: 8.00,Patient Conversations: 15.00,Patients turned away: 2.00,Substance use: 2.00,Referrals (Formal and informal): 8.00,Service provider conversations: 19.00,Allied Health: 0.00,Nurse Practitioner Consults: 0.00,Medical Consults: 0.00,Mental health: 3.00,Suicide prevention/planning: 0.00,Medication ed.: 3.00",2,3,8,15,0,2,0,,,,0,8,19
c65065d2-100b-4cb7-b2cd-293b664ad8f4,16/10/2019 11:04:15 AM,30/12/1899 6:30:00 PM,30/12/1899 9:00:00 PM,Brisbane - Wesley Mission,-27.45603,153.03114,Brisbane,Shift Safety: 5,"Patient Conversations: 12.00,Nursing/Paramedic Consults: 7.00,Referrals (Formal and informal): 3.00,Nurse Practitioner Consults: 0.00,Medical Consults: 0.00",,,7,12,0,,,,,,0,3,
f9de57d7-0e4a-4190-b45d-31b25f254c04,14/12/2019 8:08:26 PM,30/12/1899 6:30:00 PM,30/12/1899 8:20:00 PM,Brisbane - Red Cross Night Cafe,-27.468943,153.0234041,Brisbane,Shift Safety: 5,"Service provider conversations: 6.00,Mental health: 6.00,Patient Conversations: 11.00,Substance use: 5.00,Patients turned away: 0.00,Nurse Practitioner Consults: 0.00,Nursing/Paramedic Consults: 6.00,Medication ed.: 4.00,Referrals (Formal and informal): 8.00,Medical Consults: 0.00,Suicide prevention/planning: 1.00,Allied Health: 0.00",0,6,6,11,0,5,,4,,,0,8,6
ca7290df-089a-4c10-83f5-7a38bcc0d6d1,14/10/2019 12:45:13 AM,30/12/1899 9:00:00 AM,30/12/1899 11:01:00 AM,Sunshine Coast - The Shack,-26.6245779,152.957991,Sunshine Coast,Shift Safety: 5,"Medical Consults: 0.00,Referrals (Formal and informal): 3.00,Nursing/Paramedic Consults: 4.00,Patient Conversations: 11.00,Nurse Practitioner Consults: 0.00",,,4,11,0,,,,,,0,3,
f4756472-f318-4edc-86d9-6f185e04068c,30/10/2019 8:01:04 AM,30/12/1899 4:30:00 PM,30/12/1899 6:00:00 PM,Sunshine Coast - The Daily Bread,-26.6278248,152.9607898,Sunshine Coast,Shift Safety: 5,"Nursing/Paramedic Consults: 0.00,Patient Conversations: 4.00,Patients turned away: 0.00,Service provider conversations: 0.00,Mental health: 0.00,Medical Consults: 0.00,Nurse Practitioner Consults: 1.00,Allied Health: 0.00,Medication ed.: 0.00,Substance use: 0.00,Suicide prevention/planning: 0.00,Referrals (Formal and informal): 0.00",0,0,0,4,0,0,0,0,,,1,,0
5931b2de-bae2-4627-b4ce-2b3437a97d5f,14/11/2019 8:35:27 AM,30/12/1899 4:30:00 PM,30/12/1899 6:30:00 PM,Sunshine Coast - Maroochy Neighbourhood Centre,-26.6569507,153.1009481,Sunshine Coast,Shift Safety: 5,"Allied Health: 0.00,Substance use: 0.00,Mental health: 3.00,Nursing/Paramedic Consults: 2.00,Nurse Practitioner Consults: 1.00,Service provider conversations: 0.00,Suicide prevention/planning: 1.00,Medical Consults: 0.00,Patients turned away: 0.00,Patient Conversations: 8.00,Medication ed.: 1.00,Referrals (Formal and informal): 3.00",0,3,2,8,0,0,0,,1,,1,,0
9cca53b8-4242-4f79-bdb8-24cf9cad300e,6/8/2019 10:23:15 AM,30/12/1899 6:00:00 PM,30/12/1899 8:30:00 PM,Brisbane - Red Cross Night Cafe,-27.468943,153.0234041,Brisbane,Shift Safety: 5,"Referrals (Formal and informal): 0.00,Patient Conversations: 10.00,Medical Consults: 0.00,Nursing/Paramedic Consults: 6.00",,,6,10,0,,,,,,,0,
1b96f93c-af22-486a-b4d6-bfe4da3a5f9a,3/9/2019 10:43:26 AM,30/12/1899 6:00:00 PM,30/12/1899 8:27:00 PM,Brisbane - Red Cross Night Cafe,-27.468943,153.0234041,Brisbane,Shift Safety: 5,"Nurse Practitioner Consults: 0.00,Nursing/Paramedic Consults: 9.00,Medical Consults: 0.00,Referrals (Formal and informal): 9.00,Patient Conversations: 26.00",,,9,26,0,,,,,,0,9,
d043219b-43ee-4457-80b4-73ef6c6c3ffe,6/10/2019 1:22:22 AM,30/12/1899 8:00:00 PM,30/12/1899 10:15:00 PM,Brisbane - Beddown Event Brisbane CBD,-27.467248,153.029336,Brisbane,Shift Safety: 5,"Referrals (Formal and informal): 0.00,Nurse Practitioner Consults: 0.00,Nursing/Paramedic Consults: 2.00,Medical Consults: 0.00,Patient Conversations: 5.00",,,2,5,0,,,,,,0,0,
b21ef865-7137-4959-a4e9-a675fb7f198e,2/10/2019 9:33:43 PM,30/12/1899 8:30:00 PM,30/12/1899 10:50:00 PM,Brisbane - Beddown Event Brisbane CBD,-27.467248,153.029336,Brisbane,Shift Safety: 5,"Nursing/Paramedic Consults: 4.00,Patient Conversations: 9.00,Referrals (Formal and informal): 7.00,Medical Consults: 2.00,Nurse Practitioner Consults: 0.00",,,4,9,2,,,,,,0,7,
55b70c4b-006f-4cc5-8295-f966d7fdf693,1/10/2019 1:54:18 AM,30/12/1899 9:00:00 AM,30/12/1899 11:35:00 AM,Sunshine Coast - Tait Duke Cottage,-26.3974264,153.0436644,Sunshine Coast,Shift Safety: 5,"Referrals (Formal and informal): 8.00,Patient Conversations: 20.00,Medical Consults: 0.00,Nursing/Paramedic Consults: 4.00,Nurse Practitioner Consults: 0.00",,,4,20,0,,,,,,0,8,
5af43d5b-df06-43cf-a334-d63c2105c7e7,17/1/2020 7:25:46 AM,30/12/1899 4:25:00 PM,30/12/1899 6:22:00 PM,Sunshine Coast - The Daily Bread,-26.6278248,152.9607898,Sunshine Coast,Shift Safety: 5,"Referrals (Formal and informal): 2.00,Substance use: 0.00,Patients turned away: 0.00,Suicide prevention/planning: 0.00,Service provider conversations: 3.00,Medication ed.: 1.00,Mental health: 2.00,Nurse Practitioner Consults: 0.00,Patient Conversations: 4.00,Medical Consults: 0.00,Allied Health: 0.00,Nursing/Paramedic Consults: 2.00",0,2,,4,0,0,,1,0,,0,2,3
cf5e67a1-dd73-4731-9187-885e8ea04aef,3/9/2019 8:30:26 AM,30/12/1899 4:24:00 PM,30/12/1899 6:27:00 PM,Sunshine Coast - Maroochy Neighbourhood Centre,-26.6569507,153.1009481,Sunshine Coast,Shift Safety: 5,"Nursing/Paramedic Consults: 5.00,Medical Consults: 0.00,Referrals (Formal and informal): 0.00,Patient Conversations: 6.00,Nurse Practitioner Consults: 0.00",,,5,6,0,,,,,,0,0,
46fbdefc-cfbe-493b-9f96-4034d96e6fd9,23/10/2019 8:19:55 AM,30/12/1899 4:15:00 PM,30/12/1899 6:10:00 PM,Brisbane - Queens Park Ipswich,-27.6181719,152.7682547,Brisbane,Shift Safety: 5,"Nursing/Paramedic Consults: 10.00,Medical Consults: 0.00,Patient Conversations: 26.00,Referrals (Formal and informal): 4.00,Nurse Practitioner Consults: 2.00",,,10,26,0,,,,,,2,4,
35f2e551-257f-4e6b-b898-ab06eedbd835,16/12/2019 2:28:46 AM,30/12/1899 9:00:00 AM,30/12/1899 10:30:00 AM,Sunshine Coast - The Shack,-26.6245779,152.957991,Sunshine Coast,Shift Safety: 4,"Referrals (Formal and informal): 0.00,Suicide prevention/planning: 0.00,Medication ed.: 0.00,Medical Consults: 0.00,Nursing/Paramedic Consults: 2.00,Patient Conversations: 6.00,Substance use: 0.00,Mental health: 0.00,Patients turned away: 0.00,Allied Health: 0.00,Service provider conversations: 0.00,Nurse Practitioner Consults: 0.00",0,0,2,6,0,0,0,0,0,,,0,
ad26fa17-8716-411c-a825-ec5f175f1f85,3/12/2019 8:16:12 AM,30/12/1899 4:30:00 PM,30/12/1899 6:30:00 PM,Sunshine Coast - Maroochy Neighbourhood Centre,-26.6569507,153.1009481,Sunshine Coast,Shift Safety: 5,"Substance use: 1.00,Suicide prevention/planning: 0.00,Mental health: 0.00,Service provider conversations: 0.00,Medication ed.: 2.00,Nursing/Paramedic Consults: 1.00,Patient Conversations: 4.00,Referrals (Formal and informal): 1.00,Medical Consults: 0.00,Allied Health: 0.00,Patients turned away: 0.00,Nurse Practitioner Consults: 0.00",,0,1,4,0,1,0,2,0,,,1,0
1819f3a5-30a4-4809-b104-59e6043c9eaa,10/10/2019 8:35:06 AM,30/12/1899 4:28:00 PM,30/12/1899 6:33:00 PM,Sunshine Coast - Maroochy Neighbourhood Centre,-26.6569507,153.1009481,Sunshine Coast,Shift Safety: 5,"Nursing/Paramedic Consults: 3.00,Referrals (Formal and informal): 2.00,Patient Conversations: 14.00,Nurse Practitioner Consults: 3.00,Medical Consults: 3.00",,,3,14,3,,,,,,3,2,
fdabd4e5-750f-495f-a45c-27ec53be8fe8,7/8/2019 10:37:15 AM,30/12/1899 6:10:00 PM,30/12/1899 8:30:00 PM,Brisbane - Wesley Mission,-27.45603,153.03114,Brisbane,Shift Safety: 5,"Patient Conversations: 2.00,Referrals (Formal and informal): 1.00,Medical Consults: 0.00,Nursing/Paramedic Consults: 9.00",,,9,2,0,,,,,,,1,
ea36db03-0b19-4867-9db8-516a116a4676,13/2/2020 10:06:35 AM,30/12/1899 5:43:04 PM,30/12/1899 8:03:04 PM,Brisbane - Red Cross Night Cafe,-27.468943,153.0234041,Brisbane,Shift Safety: 5,"Nurse Practitioner Consults: 0.00,Conversations about health education: 9.00,Mental health: 1.00,Allied Health: 0.00,Suicide prevention/planning: 1.00,Patients turned away: 0.00,Medical Consults: 0.00,Referrals (Formal and informal): 0.00,Substance use: 0.00,Medication ed.: 0.00,Nursing/Paramedic Consults: 0.00,Service provider conversations: 0.00,Patient Conversations: 0.00",0,1,,,0,0,0,0,1,9,0,0,
38bfbaf4-990a-4145-b7f0-5a5881cb9c03,6/11/2019 11:23:50 AM,30/12/1899 6:30:00 PM,30/12/1899 9:18:00 PM,Brisbane - Wesley Mission,-27.45603,153.03114,Brisbane,Shift Safety: 4,"Referrals (Formal and informal): 5.00,Nursing/Paramedic Consults: 5.00,Medical Consults: 5.00,Suicide prevention/planning: 1.00,Medication ed.: 0.00,Patients turned away: 3.00,Patient Conversations: 22.00,Allied Health: 0.00,Nurse Practitioner Consults: 0.00,Substance use: 1.00,Service provider conversations: 4.00,Mental health: 5.00",3,,5,22,5,1,0,0,1,,0,5,
5d00252e-40ff-494e-9ec2-822f9b2f918f,28/8/2019 12:27:00 AM,30/12/1899 7:55:00 AM,30/12/1899 10:22:00 AM,Sunshine Coast - Nambour Caravan Park,-26.588625,152.967262,Sunshine Coast,Shift Safety: 3,"Referrals (Formal and informal): 5.00,Patient Conversations: 4.00,Nursing/Paramedic Consults: 6.00,Nurse Practitioner Consults: 0.00,Medical Consults: 6.00",,,6,4,6,,,,,,0,5,
151633d1-b395-4d60-9167-3a5130bee310,23/1/2020 10:19:13 AM,30/12/1899 6:30:00 PM,30/12/1899 8:15:00 PM,Brisbane - Red Cross Night Cafe,-27.468943,153.0234041,Brisbane,Shift Safety: 5,"Patient Conversations: 8.00,Medication ed.: 0.00,Referrals (Formal and informal): 1.00,Nursing/Paramedic Consults: 2.00,Service provider conversations: 2.00,Suicide prevention/planning: 0.00,Conversations about health education: 0.00,Allied Health: 0.00,Medical Consults: 0.00,Patients turned away: 0.00,Substance use: 0.00,Nurse Practitioner Consults: 0.00,Mental health: 1.00",0,,2,8,0,,0,0,0,0,,1,2
02ea1078-0613-4455-8707-06dc471d879d,21/1/2020 1:27:37 AM,30/12/1899 9:15:00 AM,30/12/1899 11:28:00 AM,Sunshine Coast - Tait Duke Cottage,-26.3974264,153.0436644,Sunshine Coast,Shift Safety: 5,"Nurse Practitioner Consults: 0.00,Service provider conversations: 3.00,Medication ed.: 0.00,Allied Health: 0.00,Referrals (Formal and informal): 0.00,Patients turned away: 0.00,Nursing/Paramedic Consults: 0.00,Mental health: 0.00,Medical Consults: 0.00,Suicide prevention/planning: 0.00,Substance use: 0.00,Patient Conversations: 2.00",0,0,0,,0,,0,0,0,,0,0,3
1b1fdb1f-2a6d-4471-93ed-9f9b0408f9dc,8/12/2019 11:02:59 PM,30/12/1899 4:29:00 AM,30/12/1899 6:35:00 AM,Sunshine Coast - Maroochy Neighbourhood Centre,-26.6569507,153.1009481,Sunshine Coast,Shift Safety: 5,"Suicide prevention/planning: 0.00,Nursing/Paramedic Consults: 2.00,Referrals (Formal and informal): 0.00,Allied Health: 0.00,Medical Consults: 0.00,Mental health: 0.00,Service provider conversations: 0.00,Nurse Practitioner Consults: 0.00,Patient Conversations: 4.00,Medication ed.: 0.00,Substance use: 2.00,Patients turned away: 0.00",,0,2,4,0,,0,0,0,,0,0,0
87ca67ad-c3bf-40c4-b024-017cfba195e4,3/9/2019 5:05:56 AM,30/12/1899 9:30:00 AM,30/12/1899 11:45:00 AM,Sunshine Coast - Tait Duke Cottage,-26.3974264,153.0436644,Sunshine Coast,Shift Safety: 5,"Medical Consults: 0.00,Nursing/Paramedic Consults: 0.00,Patient Conversations: 20.00,Nurse Practitioner Consults: 0.00,Referrals (Formal and informal): 0.00",,,0,20,0,,,,,,0,0,
d1ce619e-1532-4c4e-9475-980f573df750,19/8/2019 12:43:28 AM,30/12/1899 9:00:00 AM,30/12/1899 10:40:00 AM,Sunshine Coast - The Shack,-26.6245779,152.957991,Sunshine Coast,Shift Safety: 5,"Nurse Practitioner Consults: 0.00,Medical Consults: 2.00,Patient Conversations: 2.00,Referrals (Formal and informal): 2.00,Nursing/Paramedic Consults: 1.00",,,1,2,2,,,,,,0,2,
db801578-fbec-4017-bfdf-3218ff0cc675,27/8/2019 10:22:50 AM,30/12/1899 6:25:00 PM,30/12/1899 8:19:00 PM,Brisbane - Red Cross Night Cafe,-27.468943,153.0234041,Brisbane,Shift Safety: 5,"Nurse Practitioner Consults: 0.00,Nursing/Paramedic Consults: 3.00,Patient Conversations: 3.00,Referrals (Formal and informal): 0.00,Medical Consults: 0.00",,,3,3,0,,,,,,0,0,
46e83e2f-0a5c-4331-b8c3-e773be90596d,23/8/2019 12:33:39 AM,30/12/1899 7:30:00 AM,30/12/1899 10:08:00 AM,Sunshine Coast - Salvation Army,-26.195851,152.6458351,Sunshine Coast,Shift Safety: 5,"Referrals (Formal and informal): 2.00,Nursing/Paramedic Consults: 8.00,Nurse Practitioner Consults: 0.00,Medical Consults: 7.00,Patient Conversations: 25.00",,,8,25,7,,,,,,0,2,
77c16da9-8dfa-48a8-90d7-6940e5810aae,22/8/2019 10:04:53 AM,30/12/1899 6:00:00 PM,30/12/1899 8:01:00 PM,Brisbane - Red Cross Night Cafe,-27.468943,153.0234041,Brisbane,Shift Safety: 5,"Nurse Practitioner Consults: 1.00,Nursing/Paramedic Consults: 1.00,Patient Conversations: 6.00,Referrals (Formal and informal): 3.00,Medical Consults: 3.00",,,1,6,3,,,,,,1,3,
631fdc5b-398b-4d1e-80a5-48e10ad5fc7d,12/11/2019 1:22:37 AM,30/12/1899 9:30:00 AM,30/12/1899 11:15:00 AM,Sunshine Coast - Tait Duke Cottage,-26.3974264,153.0436644,Sunshine Coast,Shift Safety: 5,"Medical Consults: 0.00,Substance use: 0.00,Nursing/Paramedic Consults: 0.00,Patients turned away: 0.00,Suicide prevention/planning: 1.00,Nurse Practitioner Consults: 0.00,Mental health: 0.00,Referrals (Formal and informal): 0.00,Allied Health: 0.00,Service provider conversations: 3.00,Patient Conversations: 1.00,Medication ed.: 0.00",0,0,0,,0,0,0,,1,,0,0,3
f5a5f04b-4ad0-443b-9f51-118cc75a017c,24/10/2019 9:06:21 AM,30/12/1899 4:30:00 PM,30/12/1899 6:58:00 PM,Sunshine Coast - Maroochy Neighbourhood Centre,-26.6569507,153.1009481,Sunshine Coast,Shift Safety: 5,"Patient Conversations: 31.00,Medical Consults: 3.00,Nurse Practitioner Consults: 3.00,Nursing/Paramedic Consults: 5.00,Referrals (Formal and informal): 8.00",,,5,31,3,,,,,,3,8,
44d4dd7e-c1fa-467f-bca5-c4d722ce7adf,5/11/2019 11:04:00 PM,30/12/1899 8:00:00 AM,30/12/1899 9:00:00 AM,Sunshine Coast - Nambour Caravan Park,-26.588625,152.967262,Sunshine Coast,Shift Safety: 5,"Nurse Practitioner Consults: 0.00,Medication ed.: 0.00,Mental health: 0.00,Service provider conversations: 0.00,Medical Consults: 0.00,Allied Health: 0.00,Patients turned away: 0.00,Nursing/Paramedic Consults: 0.00,Patient Conversations: 4.00,Referrals (Formal and informal): 0.00,Substance use: 0.00,Suicide prevention/planning: 0.00",0,0,0,4,0,,0,0,,,0,0,0
08eba822-9391-4091-b5e3-fe08da910dbf,22/1/2020 10:43:43 AM,30/12/1899 6:30:00 PM,30/12/1899 8:41:00 PM,Brisbane - Wesley Mission,-27.45603,153.03114,Brisbane,Shift Safety: 5,"Suicide prevention/planning: 0.00,Mental health: 2.00,Patients turned away: 0.00,Service provider conversations: 2.00,Medication ed.: 2.00,Nurse Practitioner Consults: 0.00,Conversations about health education: 5.00,Nursing/Paramedic Consults: 8.00,Medical Consults: 0.00,Referrals (Formal and informal): 3.00,Substance use: 1.00,Allied Health: 0.00,Patient Conversations: 14.00",0,2,8,,0,,,2,0,5,0,3,2
ae6834ed-7f1b-4846-913f-7f549d7025b0,25/9/2019 11:18:02 PM,30/12/1899 4:30:00 AM,30/12/1899 6:21:00 AM,Sunshine Coast - The Daily Bread,-26.6278248,152.9607898,Sunshine Coast,Shift Safety: 5,"Referrals (Formal and informal): 2.00,Medical Consults: 0.00,Nursing/Paramedic Consults: 3.00,Patient Conversations: 24.00,Nurse Practitioner Consults: 0.00",,,3,24,0,,,,,,0,2,
dd9497c0-b7d7-4b69-94d2-eae4ec4316b2,5/2/2020 10:32:24 AM,30/12/1899 6:28:53 PM,30/12/1899 8:40:53 PM,Brisbane - Wesley Mission,-27.45603,153.03114,Brisbane,Shift Safety: 5,"Mental health: 2.00,Suicide prevention/planning: 1.00,Patient Conversations: 13.00,Substance use: 2.00,Medical Consults: 0.00,Medication ed.: 5.00,Patients turned away: 0.00,Allied Health: 0.00,Conversations about health education: 8.00,Service provider conversations: 6.00,Nursing/Paramedic Consults: 7.00,Referrals (Formal and informal): 8.00,Nurse Practitioner Consults: 0.00",0,2,,13,0,2,0,5,1,8,,,6
25183971-8a12-4d57-bfa1-320198aab6f2,29/10/2019 1:58:29 AM,30/12/1899 9:30:00 AM,30/12/1899 12:00:00 PM,Sunshine Coast - Tait Duke Cottage,-26.3974264,153.0436644,Sunshine Coast,Shift Safety: 5,"Nurse Practitioner Consults: 0.00,Patient Conversations: 7.00,Referrals (Formal and informal): 2.00,Nursing/Paramedic Consults: 3.00,Medical Consults: 0.00",,,3,7,0,,,,,,0,2,
dc720912-9e4c-438a-ab5d-b57dae8dabaa,27/11/2019 8:30:04 AM,30/12/1899 4:27:00 PM,30/12/1899 6:15:00 PM,Sunshine Coast - The Daily Bread,-26.6278248,152.9607898,Sunshine Coast,Shift Safety: 5,"Medical Consults: 0.00,Nurse Practitioner Consults: 2.00,Mental health: 0.00,Suicide prevention/planning: 0.00,Patient Conversations: 5.00,Referrals (Formal and informal): 1.00,Service provider conversations: 3.00,Allied Health: 0.00,Substance use: 1.00,Medication ed.: 0.00,Nursing/Paramedic Consults: 2.00,Patients turned away: 0.00",,0,,5,0,1,0,0,0,,2,1,3
0463a8fb-3d41-4eeb-a11a-39f1b6d71289,4/2/2020 10:35:46 AM,30/12/1899 6:30:53 PM,30/12/1899 8:31:53 PM,Brisbane - Red Cross Night Cafe,-27.468943,153.0234041,Brisbane,Shift Safety: 5,"Substance use: 1.00,Allied Health: 0.00,Service provider conversations: 4.00,Referrals (Formal and informal): 2.00,Suicide prevention/planning: 1.00,Medication ed.: 2.00,Medical Consults: 0.00,Patients turned away: 2.00,Nurse Practitioner Consults: 0.00,Mental health: 1.00,Patient Conversations: 13.00,Conversations about health education: 4.00,Nursing/Paramedic Consults: 4.00",2,1,,,0,1,0,2,1,,0,2,4
82a16bd1-153d-4dca-83b5-afa93d2f20f7,21/1/2020 10:17:35 AM,30/12/1899 6:30:00 PM,30/12/1899 8:15:00 PM,Brisbane - Red Cross Night Cafe,-27.468943,153.0234041,Brisbane,Shift Safety: 5,"Nursing/Paramedic Consults: 3.00,Allied Health: 0.00,Service provider conversations: 5.00,Nurse Practitioner Consults: 0.00,Patients turned away: 0.00,Suicide prevention/planning: 0.00,Referrals (Formal and informal): 2.00,Medical Consults: 0.00,Patient Conversations: 16.00,Medication ed.: 0.00,Substance use: 2.00,Mental health: 5.00",0,,3,16,0,,0,0,0,,0,2,5
e1088f18-25f2-4bd4-b98b-baa01ca2787d,11/12/2019 10:28:16 AM,30/12/1899 6:27:00 PM,30/12/1899 8:27:00 PM,Brisbane - Wesley Mission,-27.45603,153.03114,Brisbane,Shift Safety: 5,"Medication ed.: 0.00,Suicide prevention/planning: 1.00,Medical Consults: 0.00,Patient Conversations: 3.00,Allied Health: 0.00,Substance use: 4.00,Nursing/Paramedic Consults: 9.00,Referrals (Formal and informal): 11.00,Patients turned away: 0.00,Nurse Practitioner Consults: 0.00,Service provider conversations: 6.00,Mental health: 8.00",0,,9,3,0,4,0,0,1,,0,11,
dccc5f5d-a9ed-404a-bc3c-2ef0a5bb1eaf,18/9/2019 10:54:51 AM,30/12/1899 6:00:00 PM,30/12/1899 9:00:00 PM,Brisbane - Wesley Mission,-27.45603,153.03114,Brisbane,Shift Safety: 5,"Medical Consults: 3.00,Nurse Practitioner Consults: 3.00,Patient Conversations: 17.00,Nursing/Paramedic Consults: 7.00,Referrals (Formal and informal): 13.00",,,7,17,3,,,,,,3,13,
40afc690-99ee-4869-90ef-b80ad40cf32d,10/9/2019 11:49:34 PM,30/12/1899 8:00:00 AM,30/12/1899 9:43:00 AM,Sunshine Coast - Nambour Caravan Park,-26.588625,152.967262,Sunshine Coast,Shift Safety: 5,"Nursing/Paramedic Consults: 5.00,Nurse Practitioner Consults: 0.00,Medical Consults: 0.00,Patient Conversations: 11.00,Referrals (Formal and informal): 12.00",,,5,11,0,,,,,,0,12,
722bb3e9-d69d-4b4c-a68d-f658c8e964a4,17/12/2019 8:42:54 AM,30/12/1899 4:36:00 PM,30/12/1899 6:40:00 PM,Sunshine Coast - Maroochy Neighbourhood Centre,-26.6569507,153.1009481,Sunshine Coast,Shift Safety: 5,"Nursing/Paramedic Consults: 6.00,Medication ed.: 0.00,Nurse Practitioner Consults: 0.00,Patients turned away: 0.00,Suicide prevention/planning: 0.00,Service provider conversations: 3.00,Patient Conversations: 15.00,Referrals (Formal and informal): 4.00,Mental health: 4.00,Allied Health: 0.00,Medical Consults: 0.00,Substance use: 0.00",0,4,6,15,,,0,0,0,,0,4,3
a4db020f-8ea4-4ccd-b66b-4c2946aba008,22/10/2019 12:19:18 PM,30/12/1899 8:30:00 AM,30/12/1899 10:00:00 AM,Sunshine Coast - Nambour Caravan Park,-26.588625,152.967262,Sunshine Coast,Shift Safety: 5,"Nurse Practitioner Consults: 0.00,Patient Conversations: 15.00,Nursing/Paramedic Consults: 7.00,Medical Consults: 0.00,Referrals (Formal and informal): 7.00",,,7,15,0,,,,,,0,7,
b24f4b48-a2eb-49d9-ba62-000652c29bf5,28/11/2019 8:44:42 AM,30/12/1899 4:30:00 PM,30/12/1899 6:33:00 PM,Sunshine Coast - Maroochy Neighbourhood Centre,-26.6569507,153.1009481,Sunshine Coast,Shift Safety: 5,"Patient Conversations: 8.00,Patients turned away: 0.00,Medication ed.: 3.00,Substance use: 0.00,Service provider conversations: 1.00,Medical Consults: 0.00,Mental health: 3.00,Allied Health: 0.00,Suicide prevention/planning: 0.00,Referrals (Formal and informal): 4.00,Nurse Practitioner Consults: 1.00,Nursing/Paramedic Consults: 6.00",0,3,,8,0,0,0,3,0,,,4,1
d326385c-5258-4080-8b94-be5a2105e129,22/8/2019 8:31:08 AM,30/12/1899 4:30:00 PM,30/12/1899 6:24:00 PM,Sunshine Coast - Maroochy Neighbourhood Centre,-26.6569507,153.1009481,Sunshine Coast,Shift Safety: 5,"Nurse Practitioner Consults: 0.00,Referrals (Formal and informal): 0.00,Medical Consults: 0.00,Nursing/Paramedic Consults: 11.00,Patient Conversations: 2.00",,,11,2,0,,,,,,0,0,
925ff429-b3e3-43c1-83c7-a26c37455a09,13/2/2020 9:08:54 AM,30/12/1899 4:30:00 AM,30/12/1899 7:00:00 PM,Sunshine Coast - Maroochy Neighbourhood Centre,-26.6569507,153.1009481,Sunshine Coast,Shift Safety: 5,"Medical Consults: 2.00,Mental health: 6.00,Substance use: 1.00,Allied Health: 0.00,Nursing/Paramedic Consults: 6.00,Service provider conversations: 0.00,Patient Conversations: 9.00,Patients turned away: 0.00,Nurse Practitioner Consults: 0.00,Suicide prevention/planning: 0.00,Medication ed.: 2.00,Referrals (Formal and informal): 5.00,Conversations about health education: 6.00",0,6,6,9,2,1,0,,0,,0,,0
743e4558-91b5-470e-8df1-8c7f5ce4fd20,20/11/2019 11:15:42 AM,30/12/1899 4:15:00 PM,30/12/1899 7:00:00 PM,Brisbane - Queens Park Ipswich,-27.6181719,152.7682547,Brisbane,Shift Safety: 5,"Medical Consults: 0.00,Nursing/Paramedic Consults: 5.00,Nurse Practitioner Consults: 0.00,Patient Conversations: 19.00,Patients turned away: 0.00,Referrals (Formal and informal): 3.00,Mental health: 3.00,Allied Health: 0.00,Service provider conversations: 0.00,Medication ed.: 0.00,Suicide prevention/planning: 1.00,Substance use: 1.00",0,3,5,19,0,,0,0,,,0,3,0
11702e86-b33e-4c71-aee7-9379f84747e4,9/10/2019 7:54:40 AM,30/12/1899 4:30:00 PM,30/12/1899 6:00:00 PM,Sunshine Coast - The Daily Bread,-26.6278248,152.9607898,Sunshine Coast,Shift Safety: 5,"Patient Conversations: 12.00,Nurse Practitioner Consults: 0.00,Nursing/Paramedic Consults: 1.00,Medical Consults: 0.00,Referrals (Formal and informal): 0.00",,,1,12,0,,,,,,0,0,
7428de76-ff83-4ed3-bcf3-631bfe682650,22/10/2019 10:41:00 AM,30/12/1899 6:15:00 PM,30/12/1899 8:37:00 PM,Brisbane - Red Cross Night Cafe,-27.468943,153.0234041,Brisbane,Shift Safety: 5,"Medical Consults: 4.00,Nurse Practitioner Consults: 0.00,Referrals (Formal and informal): 1.00,Patient Conversations: 6.00,Nursing/Paramedic Consults: 0.00",,,0,6,4,,,,,,0,1,
988d8b39-c4ad-45d9-99db-0d32aefb87c1,28/1/2020 8:31:22 AM,30/12/1899 4:30:51 PM,30/12/1899 6:31:51 PM,Sunshine Coast - Maroochy Neighbourhood Centre,-26.6569507,153.1009481,Sunshine Coast,Shift Safety: 5,"Conversations about health education: 1.00,Nursing/Paramedic Consults: 2.00,Patients turned away: 0.00,Referrals (Formal and informal): 2.00,Allied Health: 0.00,Substance use: 0.00,Nurse Practitioner Consults: 0.00,Medication ed.: 0.00,Suicide prevention/planning: 0.00,Mental health: 2.00,Service provider conversations: 1.00,Medical Consults: 0.00,Patient Conversations: 5.00",0,2,2,,,0,0,0,0,1,0,2,
22d6ead1-25a4-4016-a962-db548a902946,21/1/2020 8:05:37 AM,30/12/1899 4:30:00 PM,30/12/1899 6:10:00 PM,Sunshine Coast - Maroochy Neighbourhood Centre,-26.6569507,153.1009481,Sunshine Coast,Shift Safety: 5,"Medication ed.: 0.00,Service provider conversations: 1.00,Suicide prevention/planning: 0.00,Nursing/Paramedic Consults: 1.00,Nurse Practitioner Consults: 0.00,Substance use: 0.00,Patient Conversations: 2.00,Allied Health: 0.00,Medical Consults: 0.00,Referrals (Formal and informal): 2.00,Patients turned away: 0.00,Mental health: 1.00",,,1,2,0,0,0,0,0,,0,2,1
80ca3055-591c-4739-91bb-84c563536f68,24/9/2019 10:25:34 AM,30/12/1899 6:00:00 PM,30/12/1899 8:05:00 PM,Brisbane - Red Cross Night Cafe,-27.468943,153.0234041,Brisbane,Shift Safety: 5,"Medical Consults: 0.00,Nurse Practitioner Consults: 0.00,Patient Conversations: 7.00,Referrals (Formal and informal): 8.00,Nursing/Paramedic Consults: 4.00",,,4,7,0,,,,,,0,8,
cc20aa87-6f11-4c98-8199-85e4ee0b7a8b,30/1/2020 10:13:10 AM,30/12/1899 6:20:28 PM,30/12/1899 8:18:28 PM,Brisbane - Red Cross Night Cafe,-27.468943,153.0234041,Brisbane,Shift Safety: 5,"Patients turned away: 0.00,Medical Consults: 0.00,Referrals (Formal and informal): 0.00,Patient Conversations: 5.00,Suicide prevention/planning: 1.00,Allied Health: 0.00,Nurse Practitioner Consults: 0.00,Service provider conversations: 2.00,Nursing/Paramedic Consults: 2.00,Conversations about health education: 1.00,Medication ed.: 1.00,Mental health: 2.00,Substance use: 0.00",0,,2,5,0,,0,,1,1,0,0,2
f1bb10fb-59e4-4392-ba05-319e6aa3ab59,31/10/2019 10:29:27 AM,30/12/1899 6:20:00 PM,30/12/1899 8:26:00 PM,Brisbane - Red Cross Night Cafe,-27.468943,153.0234041,Brisbane,Shift Safety: 5,"Substance use: 0.00,Mental health: 0.00,Medication ed.: 3.00,Patient Conversations: 13.00,Suicide prevention/planning: 0.00,Allied Health: 3.00,Service provider conversations: 0.00,Referrals (Formal and informal): 2.00,Patients turned away: 0.00,Medical Consults: 0.00,Nurse Practitioner Consults: 0.00,Nursing/Paramedic Consults: 1.00",0,0,,13,0,0,3,3,0,,,2,0
a38a521d-34be-4c15-994a-692ab2fb33be,12/2/2020 10:45:10 AM,30/12/1899 6:29:27 PM,30/12/1899 8:35:27 PM,Brisbane - Red Cross Night Cafe,-27.468943,153.0234041,Brisbane,Shift Safety: 5,"Allied Health: 0.00,Medical Consults: 0.00,Nurse Practitioner Consults: 0.00,Medication ed.: 3.00,Referrals (Formal and informal): 6.00,Patient Conversations: 5.00,Conversations about health education: 6.00,Substance use: 2.00,Patients turned away: 0.00,Mental health: 1.00,Suicide prevention/planning: 0.00,Nursing/Paramedic Consults: 5.00,Service provider conversations: 4.00",0,1,,5,0,2,0,3,,6,0,6,
9b418fab-bb3b-4d29-9d06-2b6fe3e7cbb5,30/8/2019 12:49:20 AM,30/12/1899 7:30:00 AM,30/12/1899 10:39:00 AM,Sunshine Coast - Salvation Army,-26.195851,152.6458351,Sunshine Coast,Shift Safety: 5,"Nurse Practitioner Consults: 0.00,Medical Consults: 9.00,Nursing/Paramedic Consults: 9.00,Referrals (Formal and informal): 14.00,Patient Conversations: 21.00",,,9,21,9,,,,,,0,14,
bf72e0b9-2da6-490b-a756-a8fdd8cc54e7,4/2/2020 8:48:23 AM,30/12/1899 4:30:52 PM,30/12/1899 6:44:52 PM,Sunshine Coast - Maroochy Neighbourhood Centre,-26.6569507,153.1009481,Sunshine Coast,Shift Safety: 5,"Nurse Practitioner Consults: 0.00,Medication ed.: 0.00,Referrals (Formal and informal): 5.00,Allied Health: 0.00,Patient Conversations: 11.00,Nursing/Paramedic Consults: 7.00,Mental health: 2.00,Patients turned away: 0.00,Suicide prevention/planning: 1.00,Service provider conversations: 0.00,Substance use: 0.00,Conversations about health education: 11.00,Medical Consults: 0.00",0,2,7,11,,,0,0,1,,0,5,0
9676adb7-0469-45e7-b742-6c9de3aea4aa,11/12/2019 8:43:49 AM,30/12/1899 4:28:00 PM,30/12/1899 6:00:00 PM,Sunshine Coast - The Daily Bread,-26.6278248,152.9607898,Sunshine Coast,Shift Safety: 5,"Suicide prevention/planning: 0.00,Mental health: 1.00,Nurse Practitioner Consults: 0.00,Patient Conversations: 7.00,Allied Health: 0.00,Referrals (Formal and informal): 1.00,Medical Consults: 0.00,Medication ed.: 0.00,Patients turned away: 0.00,Nursing/Paramedic Consults: 2.00,Substance use: 0.00,Service provider conversations: 3.00",0,1,2,7,0,,0,0,0,,0,1,
5d4edab0-2d8e-4e51-81e5-5dfd3da2a0d3,21/11/2019 8:22:58 AM,30/12/1899 4:30:00 PM,30/12/1899 6:30:00 PM,Sunshine Coast - Maroochy Neighbourhood Centre,-26.6569507,153.1009481,Sunshine Coast,Shift Safety: 0,"Referrals (Formal and informal): 1.00,Allied Health: 0.00,Service provider conversations: 1.00,Medical Consults: 0.00,Nursing/Paramedic Consults: 3.00,Patient Conversations: 3.00,Mental health: 0.00,Nurse Practitioner Consults: 3.00,Medication ed.: 1.00,Suicide prevention/planning: 0.00,Patients turned away: 0.00,Substance use: 3.00",,0,3,3,0,,0,1,0,,3,1,1
e6e48a68-9d23-40fa-be63-cb7f47df998d,18/11/2019 12:55:12 AM,30/12/1899 9:00:00 AM,30/12/1899 11:00:00 AM,Sunshine Coast - The Shack,-26.6245779,152.957991,Sunshine Coast,Shift Safety: 0,"Medical Consults: 0.00,Substance use: 0.00,Suicide prevention/planning: 3.00,Patients turned away: 0.00,Medication ed.: 0.00,Nursing/Paramedic Consults: 0.00,Mental health: 0.00,Nurse Practitioner Consults: 0.00,Referrals (Formal and informal): 0.00,Allied Health: 0.00,Patient Conversations: 3.00,Service provider conversations: 0.00",0,0,0,,0,0,0,0,3,,0,0,
03ee0dab-0e41-4776-8123-e3c900554d22,17/2/2020 12:44:43 AM,30/12/1899 9:00:40 AM,30/12/1899 11:00:40 AM,Sunshine Coast - The Shack,-26.6245779,152.957991,Sunshine Coast,Shift Safety: 4,"Nurse Practitioner Consults: 0.00,Service provider conversations: 0.00,Mental health: 0.00,Patients turned away: 0.00,Nursing/Paramedic Consults: 1.00,Medication ed.: 1.00,Conversations about health education: 0.00,Patient Conversations: 5.00,Referrals (Formal and informal): 0.00,Allied Health: 0.00,Suicide prevention/planning: 0.00,Substance use: 0.00,Medical Consults: 0.00",0,0,1,5,,,0,1,,0,0,0,0
5ce3dd07-1d2b-4f61-b3e6-91b1bb567bfd,20/8/2019 10:25:06 AM,30/12/1899 6:20:00 PM,30/12/1899 8:22:00 PM,Brisbane - Red Cross Night Cafe,-27.468943,153.0234041,Brisbane,Shift Safety: 5,"Referrals (Formal and informal): 0.00,Nursing/Paramedic Consults: 3.00,Medical Consults: 0.00,Nurse Practitioner Consults: 0.00,Patient Conversations: 3.00",,,3,3,0,,,,,,0,0,
703572e0-d20f-47fe-bd61-47b72928bb47,1/10/2019 12:14:43 PM,30/12/1899 6:00:00 PM,30/12/1899 8:13:00 PM,Brisbane - Red Cross Night Cafe,-27.468943,153.0234041,Brisbane,Shift Safety: 5,"Nursing/Paramedic Consults: 6.00,Medical Consults: 0.00,Referrals (Formal and informal): 7.00,Nurse Practitioner Consults: 0.00,Patient Conversations: 10.00",,,6,10,0,,,,,,0,7,
8e328c01-dcca-4d4c-9cb6-bf0c8470914f,6/11/2019 8:25:15 AM,30/12/1899 4:15:00 PM,30/12/1899 6:20:00 PM,Brisbane - Queens Park Ipswich,-27.6181719,152.7682547,Brisbane,Shift Safety: 5,"Allied Health: 0.00,Substance use: 4.00,Medical Consults: 0.00,Suicide prevention/planning: 0.00,Nursing/Paramedic Consults: 9.00,Patients turned away: 0.00,Service provider conversations: 0.00,Referrals (Formal and informal): 0.00,Nurse Practitioner Consults: 0.00,Patient Conversations: 24.00,Medication ed.: 8.00,Mental health: 0.00",0,,9,24,0,4,0,,0,,0,0,0
df654ba0-22c8-4ed9-b97b-825fcf0df2ce,27/11/2019 1:26:25 PM,30/12/1899 4:15:00 PM,30/12/1899 7:30:00 PM,Brisbane - Queens Park Ipswich,-27.6181719,152.7682547,Brisbane,Shift Safety: 5,"Nursing/Paramedic Consults: 10.00,Service provider conversations: 0.00,Mental health: 3.00,Referrals (Formal and informal): 4.00,Suicide prevention/planning: 1.00,Patients turned away: 0.00,Medication ed.: 2.00,Allied Health: 0.00,Patient Conversations: 13.00,Medical Consults: 0.00,Substance use: 1.00,Nurse Practitioner Consults: 0.00",0,3,10,13,0,,0,2,1,,,4,0
14980cc1-eec5-4358-aa23-53d40475cfab,2/10/2019 10:41:34 AM,30/12/1899 6:00:00 PM,30/12/1899 8:24:00 PM,Brisbane - Wesley Mission,-27.45603,153.03114,Brisbane,Shift Safety: 5,"Nursing/Paramedic Consults: 12.00,Medical Consults: 0.00,Referrals (Formal and informal): 0.00,Nurse Practitioner Consults: 0.00,Patient Conversations: 16.00",,,12,16,0,,,,,,0,0,
3a39ff49-3877-4424-9429-9b1549069ecd,12/12/2019 2:06:54 AM,30/12/1899 9:00:00 AM,30/12/1899 11:45:00 AM,Sunshine Coast - The Shack,-26.6245779,152.957991,Sunshine Coast,Shift Safety: 4,"Nursing/Paramedic Consults: 0.00,Medication ed.: 0.00,Referrals (Formal and informal): 2.00,Suicide prevention/planning: 0.00,Nurse Practitioner Consults: 0.00,Medical Consults: 0.00,Service provider conversations: 0.00,Mental health: 0.00,Patient Conversations: 11.00,Patients turned away: 0.00,Allied Health: 0.00,Substance use: 0.00",0,0,0,11,0,,,0,0,,0,2,0
6707b849-a4e7-474e-aba3-d3fd95330393,27/10/2019 11:18:14 AM,30/12/1899 7:30:00 AM,30/12/1899 9:00:00 AM,Sunshine Coast - Salvation Army,-26.195851,152.6458351,Sunshine Coast,Shift Safety: 5,"Patient Conversations: 2.00,Nursing/Paramedic Consults: 0.00,Referrals (Formal and informal): 0.00,Medical Consults: 0.00,Nurse Practitioner Consults: 0.00",,,0,2,0,,,,,,0,0,
ba1a0ea9-e1f1-4b10-953d-15d70e4b2950,8/10/2019 10:22:59 AM,30/12/1899 6:00:00 PM,30/12/1899 8:18:00 PM,Brisbane - Red Cross Night Cafe,-27.468943,153.0234041,Brisbane,Shift Safety: 5,"Referrals (Formal and informal): 6.00,Medical Consults: 0.00,Nursing/Paramedic Consults: 5.00,Patient Conversations: 8.00,Nurse Practitioner Consults: 0.00",,,5,8,0,,,,,,0,6,
3641b3fa-cccb-44f0-98a9-d0e6c1d127db,29/8/2019 10:19:42 AM,30/12/1899 6:00:00 PM,30/12/1899 8:15:00 PM,Brisbane - Red Cross Night Cafe,-27.468943,153.0234041,Brisbane,Shift Safety: 5,"Referrals (Formal and informal): 0.00,Nursing/Paramedic Consults: 3.00,Medical Consults: 2.00,Nurse Practitioner Consults: 0.00,Patient Conversations: 6.00",,,3,6,2,,,,,,0,0,
a950fb85-6da1-42ba-8b7e-402e2580a6fd,26/8/2019 4:30:00 AM,30/12/1899 9:00:00 AM,30/12/1899 11:25:00 AM,Sunshine Coast - The Shack,-26.6245779,152.957991,Sunshine Coast,Shift Safety: 5,"Patient Conversations: 4.00,Nursing/Paramedic Consults: 2.00,Referrals (Formal and informal): 2.00,Nurse Practitioner Consults: 0.00,Medical Consults: 6.00",,,2,4,6,,,,,,0,2,
03996feb-c56f-4f49-afc9-4bf446eca08b,16/10/2019 7:54:13 AM,30/12/1899 4:30:00 PM,30/12/1899 6:08:00 PM,Sunshine Coast - The Daily Bread,-26.6278248,152.9607898,Sunshine Coast,Shift Safety: 5,"Nurse Practitioner Consults: 0.00,Medical Consults: 0.00,Nursing/Paramedic Consults: 4.00,Referrals (Formal and informal): 0.00,Patient Conversations: 7.00",,,4,7,0,,,,,,0,0,
cfb3f24a-9658-4fc7-8963-b633cec7005d,26/11/2019 8:26:18 AM,30/12/1899 4:30:00 PM,30/12/1899 6:30:00 PM,Sunshine Coast - Maroochy Neighbourhood Centre,-26.6569507,153.1009481,Sunshine Coast,Shift Safety: 5,"Medication ed.: 0.00,Referrals (Formal and informal): 3.00,Substance use: 1.00,Service provider conversations: 2.00,Nurse Practitioner Consults: 0.00,Allied Health: 0.00,Medical Consults: 0.00,Nursing/Paramedic Consults: 3.00,Suicide prevention/planning: 1.00,Patient Conversations: 6.00,Mental health: 1.00,Patients turned away: 0.00",,,3,6,0,1,0,0,1,,0,3,2
4905df51-14e4-4a78-91a2-d9bba3eef273,5/11/2019 10:21:44 AM,30/12/1899 6:30:00 PM,30/12/1899 8:13:00 PM,Brisbane - Red Cross Night Cafe,-27.468943,153.0234041,Brisbane,Shift Safety: 5,"Substance use: 1.00,Medication ed.: 1.00,Suicide prevention/planning: 0.00,Mental health: 3.00,Referrals (Formal and informal): 5.00,Patient Conversations: 22.00,Allied Health: 0.00,Service provider conversations: 4.00,Medical Consults: 0.00,Nurse Practitioner Consults: 0.00,Nursing/Paramedic Consults: 3.00,Patients turned away: 0.00",,3,,22,0,1,0,1,0,,0,5,4
bc0bb2ab-b1f0-4cda-a6d4-b1084f542628,10/12/2019 1:30:38 AM,30/12/1899 9:30:00 AM,30/12/1899 11:27:00 AM,Sunshine Coast - Tait Duke Cottage,-26.3974264,153.0436644,Sunshine Coast,Shift Safety: 5,"Service provider conversations: 0.00,Nurse Practitioner Consults: 0.00,Substance use: 0.00,Mental health: 0.00,Patients turned away: 0.00,Medical Consults: 0.00,Allied Health: 0.00,Patient Conversations: 10.00,Suicide prevention/planning: 0.00,Medication ed.: 0.00,Referrals (Formal and informal): 1.00,Nursing/Paramedic Consults: 2.00",0,0,,10,0,0,0,0,0,,0,,0
b915301b-7654-435d-8363-7aadc86a7d55,12/9/2019 11:11:33 AM,30/12/1899 6:00:00 PM,30/12/1899 8:06:00 PM,Brisbane - Red Cross Night Cafe,-27.468943,153.0234041,Brisbane,Shift Safety: 5,"Nurse Practitioner Consults: 0.00,Medical Consults: 0.00,Patient Conversations: 8.00,Referrals (Formal and informal): 0.00,Nursing/Paramedic Consults: 3.00",,,3,8,0,,,,,,0,0,
63fcffaf-f784-4691-9fb1-c7ae37c3c35d,1/10/2019 12:20:39 PM,30/12/1899 8:20:00 PM,30/12/1899 10:15:00 PM,Brisbane - Beddown Event Brisbane CBD,-27.467248,153.029336,Brisbane,Shift Safety: 5,"Nurse Practitioner Consults: 0.00,Patient Conversations: 15.00,Nursing/Paramedic Consults: 5.00,Referrals (Formal and informal): 0.00,Medical Consults: 0.00",,,5,15,0,,,,,,0,0,
1e894808-0794-48b5-aaa3-e6546c345893,22/1/2020 12:02:06 PM,30/12/1899 10:00:00 AM,30/12/1899 1:00:00 PM,Sunshine Coast - Maroochy Neighbourhood Centre,-26.6569507,153.1009481,Sunshine Coast,Shift Safety: 5,"Mental health: 0.00,Patient Conversations: 18.00,Referrals (Formal and informal): 0.00,Medical Consults: 15.00,Nurse Practitioner Consults: 10.00,Service provider conversations: 0.00,Medication ed.: 0.00,Suicide prevention/planning: 0.00,Substance use: 0.00,Conversations about health education: 0.00,Allied Health: 0.00,Nursing/Paramedic Consults: 0.00,Patients turned away: 0.00",,0,,18,15,0,,0,0,0,10,0,0
e849697d-4054-4df9-9e19-a24018017258,16/9/2019 1:02:23 AM,30/12/1899 9:09:00 AM,30/12/1899 11:00:00 AM,Sunshine Coast - The Shack,-26.6245779,152.957991,Sunshine Coast,Shift Safety: 5,"Medical Consults: 0.00,Nursing/Paramedic Consults: 4.00,Patient Conversations: 15.00,Referrals (Formal and informal): 3.00,Nurse Practitioner Consults: 0.00",,,4,15,0,,,,,,0,3,
238e428c-22dc-492a-b53c-161a9dee1892,21/11/2019 10:38:30 AM,30/12/1899 6:30:00 PM,30/12/1899 8:30:00 PM,Brisbane - Red Cross Night Cafe,-27.468943,153.0234041,Brisbane,Shift Safety: 5,"Substance use: 1.00,Patients turned away: 0.00,Suicide prevention/planning: 0.00,Referrals (Formal and informal): 1.00,Medication ed.: 3.00,Nurse Practitioner Consults: 0.00,Medical Consults: 0.00,Allied Health: 0.00,Patient Conversations: 8.00,Nursing/Paramedic Consults: 5.00,Service provider conversations: 0.00,Mental health: 0.00",0,,5,8,0,1,0,3,0,,0,1,
e045bb6e-982c-4095-815b-a4373f3ebfa5,26/11/2019 10:14:15 AM,30/12/1899 6:30:00 PM,30/12/1899 8:11:00 PM,Brisbane - Red Cross Night Cafe,-27.468943,153.0234041,Brisbane,Shift Safety: 5,"Service provider conversations: 3.00,Nurse Practitioner Consults: 0.00,Suicide prevention/planning: 0.00,Medication ed.: 3.00,Nursing/Paramedic Consults: 5.00,Mental health: 1.00,Patient Conversations: 12.00,Substance use: 4.00,Patients turned away: 0.00,Allied Health: 0.00,Referrals (Formal and informal): 4.00,Medical Consults: 0.00",0,1,5,12,,4,0,3,0,,0,,3
bd41b577-0a7f-4922-af47-9e8ae148b7cb,5/2/2020 8:19:13 AM,30/12/1899 4:30:09 PM,30/12/1899 6:16:09 PM,Brisbane - Queens Park Ipswich,-27.6181719,152.7682547,Brisbane,Shift Safety: 1,"Referrals (Formal and informal): 1.00,Service provider conversations: 0.00,Patients turned away: 0.00,Medical Consults: 0.00,Mental health: 2.00,Nursing/Paramedic Consults: 4.00,Suicide prevention/planning: 0.00,Allied Health: 0.00,Conversations about health education: 1.00,Nurse Practitioner Consults: 0.00,Medication ed.: 0.00,Patient Conversations: 6.00,Substance use: 0.00",0,2,4,,0,,0,,0,1,0,1,0
ae722dcd-e9d5-413b-924c-c5198b443d2d,27/8/2019 8:34:11 AM,30/12/1899 4:29:00 PM,30/12/1899 6:30:00 PM,Sunshine Coast - Maroochy Neighbourhood Centre,-26.6569507,153.1009481,Sunshine Coast,Shift Safety: 5,"Referrals (Formal and informal): 0.00,Medical Consults: 0.00,Nursing/Paramedic Consults: 12.00,Patient Conversations: 6.00,Nurse Practitioner Consults: 0.00",,,12,6,0,,,,,,0,0,
e23b04e9-6df5-4403-9afc-4a24eb87af07,15/10/2019 8:23:16 AM,30/12/1899 4:30:00 PM,30/12/1899 6:30:00 PM,Sunshine Coast - Maroochy Neighbourhood Centre,-26.6569507,153.1009481,Sunshine Coast,Shift Safety: 5,"Nurse Practitioner Consults: 2.00,Referrals (Formal and informal): 0.00,Patient Conversations: 10.00,Nursing/Paramedic Consults: 9.00,Medical Consults: 0.00",,,9,10,0,,,,,,2,0,
d474d81f-db0f-4296-ba25-004976541861,17/10/2019 10:48:00 PM,30/12/1899 7:30:00 AM,30/12/1899 9:00:00 AM,Sunshine Coast - Salvation Army,-26.195851,152.6458351,Sunshine Coast,Shift Safety: 0,"Nursing/Paramedic Consults: 3.00,Referrals (Formal and informal): 0.00,Nurse Practitioner Consults: 0.00,Patient Conversations: 5.00,Medical Consults: 0.00",,,3,5,0,,,,,,0,0,
1a4cdb80-6f3b-423c-bb35-deee84c4f9e6,21/10/2019 12:56:41 AM,30/12/1899 9:00:00 AM,30/12/1899 11:00:00 AM,Sunshine Coast - The Shack,-26.6245779,152.957991,Sunshine Coast,Shift Safety: 5,"Medical Consults: 0.00,Nurse Practitioner Consults: 0.00,Nursing/Paramedic Consults: 2.00,Referrals (Formal and informal): 1.00,Patient Conversations: 14.00",,,2,14,0,,,,,,0,1,
b735823a-1778-4578-a896-6138873f5f28,16/1/2020 10:14:29 AM,30/12/1899 6:00:00 PM,30/12/1899 8:11:00 PM,Brisbane - Red Cross Night Cafe,-27.468943,153.0234041,Brisbane,Shift Safety: 5,"Allied Health: 0.00,Medical Consults: 0.00,Substance use: 1.00,Patients turned away: 0.00,Suicide prevention/planning: 1.00,Patient Conversations: 4.00,Medication ed.: 2.00,Referrals (Formal and informal): 1.00,Nurse Practitioner Consults: 0.00,Mental health: 2.00,Nursing/Paramedic Consults: 3.00,Service provider conversations: 3.00",0,2,,4,0,1,0,2,1,,0,1,
fd8c6e51-3a59-4f4d-9e0d-23cc7c1e58d5,17/12/2019 10:19:34 AM,30/12/1899 6:30:00 PM,30/12/1899 8:16:00 PM,Brisbane - Red Cross Night Cafe,-27.468943,153.0234041,Brisbane,Shift Safety: 5,"Suicide prevention/planning: 2.00,Patients turned away: 0.00,Medication ed.: 3.00,Medical Consults: 0.00,Nurse Practitioner Consults: 0.00,Mental health: 3.00,Allied Health: 0.00,Nursing/Paramedic Consults: 4.00,Patient Conversations: 14.00,Substance use: 2.00,Referrals (Formal and informal): 3.00,Service provider conversations: 7.00",0,3,4,14,0,2,0,3,2,,0,,
4c235b69-426a-4741-98ee-ac3e33acc1e0,4/9/2019 10:54:47 AM,30/12/1899 6:00:00 PM,30/12/1899 8:39:00 PM,Brisbane - Wesley Mission,-27.45603,153.03114,Brisbane,Shift Safety: 5,"Patient Conversations: 16.00,Medical Consults: 5.00,Nurse Practitioner Consults: 0.00,Referrals (Formal and informal): 8.00,Nursing/Paramedic Consults: 7.00",,,7,16,5,,,,,,0,8,
e0b400df-9b4a-4fcb-8975-3dac720f2fd0,19/12/2019 10:15:17 AM,30/12/1899 6:40:00 PM,30/12/1899 8:11:00 PM,Brisbane - Red Cross Night Cafe,-27.468943,153.0234041,Brisbane,Shift Safety: 5,"Patient Conversations: 8.00,Referrals (Formal and informal): 2.00,Service provider conversations: 2.00,Medical Consults: 0.00,Nursing/Paramedic Consults: 4.00,Nurse Practitioner Consults: 0.00,Substance use: 0.00,Allied Health: 0.00,Suicide prevention/planning: 1.00,Medication ed.: 0.00,Mental health: 2.00,Patients turned away: 0.00",,,4,8,0,0,0,0,1,,0,2,2
dc3a0ed2-7f8a-4561-aaa9-dc91f2c28180,10/9/2019 8:26:01 AM,30/12/1899 4:30:00 PM,30/12/1899 6:30:00 PM,Sunshine Coast - Maroochy Neighbourhood Centre,-26.6569507,153.1009481,Sunshine Coast,Shift Safety: 5,"Referrals (Formal and informal): 5.00,Nurse Practitioner Consults: 2.00,Patient Conversations: 19.00,Nursing/Paramedic Consults: 6.00,Medical Consults: 0.00",,,6,19,0,,,,,,2,5,
ee29f749-87f8-4e72-93e3-c0b862e89f62,17/10/2019 8:34:33 AM,30/12/1899 4:30:00 PM,30/12/1899 6:32:00 PM,Sunshine Coast - Maroochy Neighbourhood Centre,-26.6569507,153.1009481,Sunshine Coast,Shift Safety: 5,"Nursing/Paramedic Consults: 1.00,Referrals (Formal and informal): 0.00,Nurse Practitioner Consults: 1.00,Medical Consults: 0.00,Patient Conversations: 11.00",,,1,11,0,,,,,,1,0,
c4c30ddf-0af1-4b71-a974-c5664e4e3850,10/12/2019 10:33:42 AM,30/12/1899 6:30:00 PM,30/12/1899 8:30:00 PM,Brisbane - Red Cross Night Cafe,-27.468943,153.0234041,Brisbane,Shift Safety: 5,"Patient Conversations: 10.00,Nurse Practitioner Consults: 0.00,Medication ed.: 1.00,Suicide prevention/planning: 1.00,Allied Health: 1.00,Substance use: 0.00,Medical Consults: 4.00,Referrals (Formal and informal): 1.00,Service provider conversations: 2.00,Nursing/Paramedic Consults: 4.00,Mental health: 2.00,Patients turned away: 0.00",,,4,10,4,0,1,1,1,,0,1,2
fc95666d-1536-4e03-8127-ead940e629f1,7/11/2019 8:41:39 AM,30/12/1899 4:30:00 PM,30/12/1899 6:30:00 PM,Sunshine Coast - Maroochy Neighbourhood Centre,-26.6569507,153.1009481,Sunshine Coast,Shift Safety: 5,"Patients turned away: 0.00,Nursing/Paramedic Consults: 5.00,Service provider conversations: 0.00,Mental health: 0.00,Substance use: 1.00,Suicide prevention/planning: 1.00,Patient Conversations: 5.00,Referrals (Formal and informal): 2.00,Medical Consults: 0.00,Nurse Practitioner Consults: 0.00,Medication ed.: 2.00,Allied Health: 0.00",0,0,5,5,0,1,,,1,,0,2,0
53835f9f-8bc9-4aa0-8217-d71d3d535148,23/10/2019 11:04:12 AM,30/12/1899 6:30:00 PM,30/12/1899 9:00:00 PM,Brisbane - Wesley Mission,-27.45603,153.03114,Brisbane,Shift Safety: 5,"Referrals (Formal and informal): 7.00,Nursing/Paramedic Consults: 5.00,Nurse Practitioner Consults: 0.00,Medical Consults: 5.00,Patient Conversations: 17.00",,,5,17,5,,,,,,0,7,
8fcb0193-802f-43f8-853b-662fc84013ee,29/11/2019 12:00:17 AM,30/12/1899 7:30:00 AM,30/12/1899 9:00:00 AM,Sunshine Coast - Salvation Army,-26.195851,152.6458351,Sunshine Coast,Shift Safety: 5,"Patient Conversations: 4.00,Medication ed.: 0.00,Patients turned away: 0.00,Suicide prevention/planning: 0.00,Allied Health: 0.00,Medical Consults: 0.00,Nurse Practitioner Consults: 0.00,Service provider conversations: 2.00,Referrals (Formal and informal): 0.00,Substance use: 1.00,Nursing/Paramedic Consults: 1.00,Mental health: 1.00",0,,,4,0,1,0,0,0,,0,0,2
392c9e38-afd1-4cb4-8776-df5bbfac1452,9/10/2019 2:05:50 PM,30/12/1899 9:20:00 PM,30/12/1899 10:15:00 PM,Brisbane - Beddown Event Brisbane CBD,-27.467248,153.029336,Brisbane,Shift Safety: 5,"Medical Consults: 0.00,Nurse Practitioner Consults: 0.00,Patient Conversations: 12.00,Referrals (Formal and informal): 0.00,Nursing/Paramedic Consults: 2.00",,,2,12,0,,,,,,0,0,
1301b3ad-b6d2-4b70-af37-c35efdf22e0e,5/9/2019 8:24:43 AM,30/12/1899 4:25:00 PM,30/12/1899 6:25:00 PM,Sunshine Coast - Maroochy Neighbourhood Centre,-26.6569507,153.1009481,Sunshine Coast,Shift Safety: 5,"Medical Consults: 0.00,Nurse Practitioner Consults: 0.00,Nursing/Paramedic Consults: 3.00,Referrals (Formal and informal): 1.00,Patient Conversations: 24.00",,,3,24,0,,,,,,0,1,
5e9d3a37-b42e-43fa-a5f0-9c3c88ea53cf,13/1/2020 12:57:26 AM,30/12/1899 9:00:00 AM,30/12/1899 10:54:00 AM,Sunshine Coast - The Shack,-26.6245779,152.957991,Sunshine Coast,Shift Safety: 5,"Medical Consults: 0.00,Referrals (Formal and informal): 2.00,Mental health: 1.00,Patients turned away: 0.00,Nurse Practitioner Consults: 0.00,Suicide prevention/planning: 0.00,Medication ed.: 1.00,Patient Conversations: 1.00,Service provider conversations: 2.00,Allied Health: 0.00,Substance use: 0.00,Nursing/Paramedic Consults: 2.00",0,1,,1,0,,0,1,0,,0,2,2
7efa7189-01c0-4ac7-8d8e-1cf171434960,20/11/2019 9:19:35 AM,30/12/1899 6:30:00 PM,30/12/1899 7:17:00 PM,Brisbane - Wesley Mission,-27.45603,153.03114,Brisbane,Shift Safety: 5,"Patients turned away: 8.00,Referrals (Formal and informal): 0.00,Suicide prevention/planning: 0.00,Mental health: 0.00,Substance use: 0.00,Nursing/Paramedic Consults: 0.00,Medical Consults: 0.00,Allied Health: 0.00,Nurse Practitioner Consults: 0.00,Medication ed.: 0.00,Service provider conversations: 0.00,Patient Conversations: 8.00",8,0,0,,0,0,0,0,0,,0,0,
41784fe4-061d-457b-bec6-eade436d115c,8/8/2019 10:32:31 AM,30/12/1899 6:30:00 PM,30/12/1899 8:00:00 PM,Brisbane - Red Cross Night Cafe,-27.468943,153.0234041,Brisbane,Shift Safety: 5,"Referrals (Formal and informal): 3.00,Medical Consults: 0.00,Nursing/Paramedic Consults: 6.00,Patient Conversations: 8.00",,,6,8,0,,,,,,,3,
6bff851c-4ecd-414b-9e76-6aac0ba5e568,13/8/2019 10:03:57 AM,30/12/1899 6:30:00 PM,30/12/1899 8:02:00 PM,Brisbane - Red Cross Night Cafe,-27.468943,153.0234041,Brisbane,Shift Safety: 5,"Nurse Practitioner Consults: 0.00,Patient Conversations: 3.00,Nursing/Paramedic Consults: 0.00,Referrals (Formal and informal): 1.00,Medical Consults: 2.00",,,0,3,2,,,,,,0,1,
07371d24-a8ed-40f0-ad0a-f9b523c9d2d7,3/10/2019 8:57:04 AM,30/12/1899 4:30:00 PM,30/12/1899 6:30:00 PM,Sunshine Coast - Maroochy Neighbourhood Centre,-26.6569507,153.1009481,Sunshine Coast,Shift Safety: 5,"Nursing/Paramedic Consults: 1.00,Medical Consults: 2.00,Patient Conversations: 33.00,Nurse Practitioner Consults: 5.00,Referrals (Formal and informal): 4.00",,,1,33,2,,,,,,5,4,
0f09e776-a469-453f-a783-b84db1dd9489,29/8/2019 9:27:07 AM,30/12/1899 4:24:00 PM,30/12/1899 6:25:00 PM,Sunshine Coast - Maroochy Neighbourhood Centre,-26.6569507,153.1009481,Sunshine Coast,Shift Safety: 5,"Medical Consults: 0.00,Nursing/Paramedic Consults: 4.00,Nurse Practitioner Consults: 0.00,Referrals (Formal and informal): 0.00,Patient Conversations: 4.00",,,4,4,0,,,,,,0,0,
835658b8-dc94-4057-8978-0be30c00a3b6,7/11/2019 6:58:07 AM,30/12/1899 4:30:00 PM,30/12/1899 6:30:00 PM,Sunshine Coast - The Daily Bread,-26.6278248,152.9607898,Sunshine Coast,Shift Safety: 5,"Suicide prevention/planning: 3.00,Service provider conversations: 0.00,Patients turned away: 0.00,Medical Consults: 0.00,Referrals (Formal and informal): 0.00,Mental health: 0.00,Patient Conversations: 3.00,Nurse Practitioner Consults: 0.00,Substance use: 0.00,Nursing/Paramedic Consults: 0.00,Medication ed.: 0.00,Allied Health: 0.00",0,0,0,3,0,0,,,3,,0,0,0
924b7c56-d05c-4b1e-882e-a03062a67f74,5/2/2020 10:04:42 AM,30/12/1899 4:30:01 PM,30/12/1899 6:05:01 PM,Sunshine Coast - The Daily Bread,-26.6278248,152.9607898,Sunshine Coast,Shift Safety: 5,"Substance use: 0.00,Mental health: 0.00,Service provider conversations: 3.00,Medical Consults: 0.00,Nursing/Paramedic Consults: 3.00,Medication ed.: 2.00,Conversations about health education: 0.00,Allied Health: 0.00,Patients turned away: 0.00,Nurse Practitioner Consults: 0.00,Referrals (Formal and informal): 2.00,Suicide prevention/planning: 0.00,Patient Conversations: 7.00",0,0,3,,0,0,0,2,,0,0,,3
4491ac28-d33e-455d-9699-f5e107524a90,30/10/2019 11:06:26 AM,30/12/1899 6:30:00 PM,30/12/1899 8:49:00 PM,Brisbane - Wesley Mission,-27.45603,153.03114,Brisbane,Shift Safety: 5,"Allied Health: 0.00,Nursing/Paramedic Consults: 10.00,Patients turned away: 1.00,Referrals (Formal and informal): 13.00,Medication ed.: 6.00,Medical Consults: 0.00,Substance use: 1.00,Suicide prevention/planning: 2.00,Nurse Practitioner Consults: 0.00,Patient Conversations: 12.00,Mental health: 7.00,Service provider conversations: 12.00",1,,10,12,0,1,0,6,2,,0,13,
adf82924-6f58-4358-bfaf-12bd4142836b,22/10/2019 8:40:07 AM,30/12/1899 4:30:00 PM,30/12/1899 6:30:00 PM,Sunshine Coast - Maroochy Neighbourhood Centre,-26.6569507,153.1009481,Sunshine Coast,Shift Safety: 5,"Patient Conversations: 9.00,Nursing/Paramedic Consults: 6.00,Referrals (Formal and informal): 2.00,Nurse Practitioner Consults: 3.00,Medical Consults: 0.00",,,6,9,0,,,,,,3,2,
ca612d69-2783-4528-95d1-381103752f37,29/10/2019 8:44:50 AM,30/12/1899 4:30:00 PM,30/12/1899 6:30:00 PM,Sunshine Coast - Maroochy Neighbourhood Centre,-26.6569507,153.1009481,Sunshine Coast,Shift Safety: 5,"Patient Conversations: 5.00,Nurse Practitioner Consults: 2.00,Medical Consults: 0.00,Referrals (Formal and informal): 3.00,Nursing/Paramedic Consults: 3.00",,,3,5,0,,,,,,2,3,
44cbe6f5-41e1-49f2-a77f-aa4f4017b2c3,17/10/2019 10:31:50 AM,30/12/1899 6:30:00 PM,30/12/1899 8:23:00 PM,Brisbane - Red Cross Night Cafe,-27.468943,153.0234041,Brisbane,Shift Safety: 5,"Medical Consults: 0.00,Patient Conversations: 6.00,Referrals (Formal and informal): 4.00,Nurse Practitioner Consults: 0.00,Nursing/Paramedic Consults: 5.00",,,5,6,0,,,,,,0,4,
0ccafd53-dd76-4a44-9e08-edfef5f3cd67,13/11/2019 10:19:03 AM,30/12/1899 6:15:00 PM,30/12/1899 8:15:00 PM,Brisbane - Wesley Mission,-27.45603,153.03114,Brisbane,Shift Safety: 5,"Suicide prevention/planning: 0.00,Referrals (Formal and informal): 6.00,Nurse Practitioner Consults: 0.00,Medical Consults: 0.00,Nursing/Paramedic Consults: 5.00,Mental health: 3.00,Allied Health: 0.00,Medication ed.: 2.00,Substance use: 0.00,Patients turned away: 1.00,Service provider conversations: 5.00,Patient Conversations: 15.00",1,3,5,,0,0,0,2,0,,0,6,
6969d8a2-f99d-43db-b3f3-791c34c54f65,3/2/2020 12:45:42 AM,30/12/1899 9:00:05 AM,30/12/1899 10:34:05 AM,Sunshine Coast - The Shack,-26.6245779,152.957991,Sunshine Coast,Shift Safety: 5,"Mental health: 6.00,Medical Consults: 0.00,Suicide prevention/planning: 1.00,Conversations about health education: 8.00,Nursing/Paramedic Consults: 5.00,Medication ed.: 1.00,Substance use: 0.00,Allied Health: 0.00,Patient Conversations: 11.00,Patients turned away: 0.00,Nurse Practitioner Consults: 0.00,Service provider conversations: 8.00,Referrals (Formal and informal): 5.00",0,6,5,11,0,0,0,1,1,8,,,
4e1a1251-d3e0-44ee-8e42-e40ca9e6af71,11/12/2019 11:10:08 AM,30/12/1899 4:15:00 PM,30/12/1899 7:00:00 PM,Brisbane - Queens Park Ipswich,-27.6181719,152.7682547,Brisbane,Shift Safety: 5,"Referrals (Formal and informal): 4.00,Suicide prevention/planning: 1.00,Nursing/Paramedic Consults: 8.00,Mental health: 2.00,Allied Health: 0.00,Patient Conversations: 16.00,Substance use: 0.00,Service provider conversations: 3.00,Patients turned away: 0.00,Medication ed.: 0.00,Nurse Practitioner Consults: 0.00,Medical Consults: 0.00",0,2,8,16,,0,0,0,1,,,4,3
6dcfb3c5-0702-454e-a8ec-2de7c41a07e8,11/12/2019 11:01:28 AM,30/12/1899 4:15:00 PM,30/12/1899 7:00:00 PM,Brisbane - Queens Park Ipswich,-27.6181719,152.7682547,Brisbane,Shift Safety: 5,"Referrals (Formal and informal): 2.00,Allied Health: 0.00,Medication ed.: 0.00,Substance use: 0.00,Nurse Practitioner Consults: 0.00,Patient Conversations: 26.00,Service provider conversations: 0.00,Suicide prevention/planning: 2.00,Medical Consults: 0.00,Patients turned away: 0.00,Mental health: 4.00,Nursing/Paramedic Consults: 5.00",0,,,26,0,0,0,0,2,,0,2,0
362ac666-7cd4-44c9-b56f-011ac34f6506,12/12/2019 10:02:48 AM,30/12/1899 6:30:00 PM,30/12/1899 8:01:00 PM,Brisbane - Red Cross Night Cafe,-27.468943,153.0234041,Brisbane,Shift Safety: 5,"Substance use: 1.00,Patient Conversations: 6.00,Allied Health: 0.00,Patients turned away: 0.00,Nurse Practitioner Consults: 0.00,Mental health: 2.00,Medical Consults: 0.00,Nursing/Paramedic Consults: 4.00,Referrals (Formal and informal): 2.00,Service provider conversations: 4.00,Suicide prevention/planning: 0.00,Medication ed.: 2.00",0,2,4,6,0,1,0,,,,0,2,4
f563ad67-36c3-49b2-94a5-c56d72d75076,28/10/2019 12:53:26 AM,30/12/1899 9:00:00 AM,30/12/1899 11:00:00 AM,Sunshine Coast - The Shack,-26.6245779,152.957991,Sunshine Coast,Shift Safety: 5,"Patient Conversations: 14.00,Nurse Practitioner Consults: 0.00,Medical Consults: 0.00,Referrals (Formal and informal): 5.00,Nursing/Paramedic Consults: 6.00",,,6,14,0,,,,,,0,5,
6cad40ad-d82d-419d-91fb-23fdf8299758,9/9/2019 1:02:37 AM,30/12/1899 9:05:00 AM,30/12/1899 11:01:00 AM,Sunshine Coast - The Shack,-26.6245779,152.957991,Sunshine Coast,Shift Safety: 5,"Nurse Practitioner Consults: 0.00,Patient Conversations: 11.00,Nursing/Paramedic Consults: 3.00,Referrals (Formal and informal): 1.00,Medical Consults: 0.00",,,3,11,0,,,,,,0,1,
18fbc979-0424-4d71-b099-de07f3631d6c,16/8/2019 12:28:32 AM,30/12/1899 7:30:00 AM,30/12/1899 10:25:00 AM,Sunshine Coast - Salvation Army,-26.195851,152.6458351,Sunshine Coast,Shift Safety: 5,"Patient Conversations: 1.00,Nursing/Paramedic Consults: 3.00,Nurse Practitioner Consults: 0.00,Medical Consults: 10.00,Referrals (Formal and informal): 3.00",,,3,1,10,,,,,,0,3,
61ddee06-123c-493f-8886-c30e85594182,11/12/2019 1:20:40 AM,30/12/1899 4:30:00 PM,30/12/1899 6:30:00 PM,Sunshine Coast - Maroochy Neighbourhood Centre,-26.6569507,153.1009481,Sunshine Coast,Shift Safety: 5,"Referrals (Formal and informal): 3.00,Medical Consults: 0.00,Substance use: 2.00,Nursing/Paramedic Consults: 4.00,Mental health: 1.00,Medication ed.: 0.00,Service provider conversations: 0.00,Patients turned away: 0.00,Allied Health: 0.00,Suicide prevention/planning: 0.00,Nurse Practitioner Consults: 0.00,Patient Conversations: 27.00",0,1,4,,0,2,0,0,0,,,3,0
